ISO-10303-21;
HEADER;
FILE_DESCRIPTION(('Open CASCADE Model'),'2;1');
FILE_NAME('Open CASCADE Shape Model','2026-09-27T07:14:17',('Author'),(
    'Open CASCADE'),'Open CASCADE STEP processor 7.9','Open CASCADE 7.9'
  ,'Unknown');
FILE_SCHEMA(('AUTOMOTIVE_DESIGN { 1 0 10303 214 1 1 1 1 }'));
ENDSEC;
DATA;
#1 = APPLICATION_PROTOCOL_DEFINITION('international standard',
  'automotive_design',2000,#2);
#2 = APPLICATION_CONTEXT(
  'core data for automotive mechanical design processes');
#3 = SHAPE_DEFINITION_REPRESENTATION(#4,#10);
#4 = PRODUCT_DEFINITION_SHAPE('','',#5);
#5 = PRODUCT_DEFINITION('design','',#6,#9);
#6 = PRODUCT_DEFINITION_FORMATION('','',#7);
#7 = PRODUCT('Open CASCADE STEP translator 7.9 1',
  'Open CASCADE STEP translator 7.9 1','',(#8));
#8 = PRODUCT_CONTEXT('',#2,'mechanical');
#9 = PRODUCT_DEFINITION_CONTEXT('part definition',#2,'design');
#10 = ADVANCED_BREP_SHAPE_REPRESENTATION('',(#11,#15),#3668);
#11 = AXIS2_PLACEMENT_3D('',#12,#13,#14);
#12 = CARTESIAN_POINT('',(0.,0.,0.));
#13 = DIRECTION('',(0.,0.,1.));
#14 = DIRECTION('',(1.,0.,-0.));
#15 = MANIFOLD_SOLID_BREP('',#16);
#16 = CLOSED_SHELL('',(#17,#847,#935,#1014,#1095,#1171,#1197,#1202,#1228
    ,#1233,#1259,#1264,#1290,#1295,#1321,#1326,#1356,#1386,#1918,#2185,
    #2210,#2322,#2347,#2765,#2796,#2827,#2905,#2909,#2913,#2917,#2921,
    #2952,#3019,#3048,#3077,#3106,#3135,#3164,#3193,#3224,#3293,#3322,
    #3389,#3393,#3397,#3401,#3407,#3413,#3648,#3654,#3660,#3664));
#17 = ADVANCED_FACE('',(#18,#137,#279,#421,#563,#705),#32,.F.);
#18 = FACE_BOUND('',#19,.F.);
#19 = EDGE_LOOP('',(#20,#55,#83,#111));
#20 = ORIENTED_EDGE('',*,*,#21,.F.);
#21 = EDGE_CURVE('',#22,#24,#26,.T.);
#22 = VERTEX_POINT('',#23);
#23 = CARTESIAN_POINT('',(-27.50251249937,-19.47738750566,
    -19.47738750566));
#24 = VERTEX_POINT('',#25);
#25 = CARTESIAN_POINT('',(-27.50251249937,-19.47738750566,
    19.477387505667));
#26 = SURFACE_CURVE('',#27,(#31,#43),.PCURVE_S1.);
#27 = LINE('',#28,#29);
#28 = CARTESIAN_POINT('',(-27.50251249937,-19.47738750566,
    -27.50251249937));
#29 = VECTOR('',#30,1.);
#30 = DIRECTION('',(0.,0.,1.));
#31 = PCURVE('',#32,#37);
#32 = PLANE('',#33);
#33 = AXIS2_PLACEMENT_3D('',#34,#35,#36);
#34 = CARTESIAN_POINT('',(-27.50251249937,-27.50251249937,
    -27.50251249937));
#35 = DIRECTION('',(1.,0.,-0.));
#36 = DIRECTION('',(0.,0.,1.));
#37 = DEFINITIONAL_REPRESENTATION('',(#38),#42);
#38 = LINE('',#39,#40);
#39 = CARTESIAN_POINT('',(0.,-8.025124993703));
#40 = VECTOR('',#41,1.);
#41 = DIRECTION('',(1.,0.));
#42 = ( GEOMETRIC_REPRESENTATION_CONTEXT(2) 
PARAMETRIC_REPRESENTATION_CONTEXT() REPRESENTATION_CONTEXT('2D SPACE',''
  ) );
#43 = PCURVE('',#44,#49);
#44 = CYLINDRICAL_SURFACE('',#45,8.025124993703);
#45 = AXIS2_PLACEMENT_3D('',#46,#47,#48);
#46 = CARTESIAN_POINT('',(-19.47738750566,-19.47738750566,
    -27.50251249937));
#47 = DIRECTION('',(0.,0.,1.));
#48 = DIRECTION('',(-1.,-0.,0.));
#49 = DEFINITIONAL_REPRESENTATION('',(#50),#54);
#50 = LINE('',#51,#52);
#51 = CARTESIAN_POINT('',(0.,0.));
#52 = VECTOR('',#53,1.);
#53 = DIRECTION('',(0.,1.));
#54 = ( GEOMETRIC_REPRESENTATION_CONTEXT(2) 
PARAMETRIC_REPRESENTATION_CONTEXT() REPRESENTATION_CONTEXT('2D SPACE',''
  ) );
#55 = ORIENTED_EDGE('',*,*,#56,.T.);
#56 = EDGE_CURVE('',#22,#57,#59,.T.);
#57 = VERTEX_POINT('',#58);
#58 = CARTESIAN_POINT('',(-27.50251249937,19.477387505667,
    -19.47738750566));
#59 = SURFACE_CURVE('',#60,(#64,#71),.PCURVE_S1.);
#60 = LINE('',#61,#62);
#61 = CARTESIAN_POINT('',(-27.50251249937,-27.50251249937,
    -19.47738750566));
#62 = VECTOR('',#63,1.);
#63 = DIRECTION('',(-0.,1.,0.));
#64 = PCURVE('',#32,#65);
#65 = DEFINITIONAL_REPRESENTATION('',(#66),#70);
#66 = LINE('',#67,#68);
#67 = CARTESIAN_POINT('',(8.025124993703,0.));
#68 = VECTOR('',#69,1.);
#69 = DIRECTION('',(0.,-1.));
#70 = ( GEOMETRIC_REPRESENTATION_CONTEXT(2) 
PARAMETRIC_REPRESENTATION_CONTEXT() REPRESENTATION_CONTEXT('2D SPACE',''
  ) );
#71 = PCURVE('',#72,#77);
#72 = CYLINDRICAL_SURFACE('',#73,8.025124993703);
#73 = AXIS2_PLACEMENT_3D('',#74,#75,#76);
#74 = CARTESIAN_POINT('',(-19.47738750566,-27.50251249937,
    -19.47738750566));
#75 = DIRECTION('',(-0.,1.,0.));
#76 = DIRECTION('',(-1.,-0.,0.));
#77 = DEFINITIONAL_REPRESENTATION('',(#78),#82);
#78 = LINE('',#79,#80);
#79 = CARTESIAN_POINT('',(-0.,0.));
#80 = VECTOR('',#81,1.);
#81 = DIRECTION('',(-0.,1.));
#82 = ( GEOMETRIC_REPRESENTATION_CONTEXT(2) 
PARAMETRIC_REPRESENTATION_CONTEXT() REPRESENTATION_CONTEXT('2D SPACE',''
  ) );
#83 = ORIENTED_EDGE('',*,*,#84,.T.);
#84 = EDGE_CURVE('',#57,#85,#87,.T.);
#85 = VERTEX_POINT('',#86);
#86 = CARTESIAN_POINT('',(-27.50251249937,19.477387505667,
    19.477387505667));
#87 = SURFACE_CURVE('',#88,(#92,#99),.PCURVE_S1.);
#88 = LINE('',#89,#90);
#89 = CARTESIAN_POINT('',(-27.50251249937,19.477387505667,
    -27.50251249937));
#90 = VECTOR('',#91,1.);
#91 = DIRECTION('',(0.,0.,1.));
#92 = PCURVE('',#32,#93);
#93 = DEFINITIONAL_REPRESENTATION('',(#94),#98);
#94 = LINE('',#95,#96);
#95 = CARTESIAN_POINT('',(0.,-46.97990000503));
#96 = VECTOR('',#97,1.);
#97 = DIRECTION('',(1.,0.));
#98 = ( GEOMETRIC_REPRESENTATION_CONTEXT(2) 
PARAMETRIC_REPRESENTATION_CONTEXT() REPRESENTATION_CONTEXT('2D SPACE',''
  ) );
#99 = PCURVE('',#100,#105);
#100 = CYLINDRICAL_SURFACE('',#101,8.025124993703);
#101 = AXIS2_PLACEMENT_3D('',#102,#103,#104);
#102 = CARTESIAN_POINT('',(-19.47738750566,19.477387505667,
    -27.50251249937));
#103 = DIRECTION('',(0.,0.,1.));
#104 = DIRECTION('',(-1.,-0.,0.));
#105 = DEFINITIONAL_REPRESENTATION('',(#106),#110);
#106 = LINE('',#107,#108);
#107 = CARTESIAN_POINT('',(-0.,0.));
#108 = VECTOR('',#109,1.);
#109 = DIRECTION('',(-0.,1.));
#110 = ( GEOMETRIC_REPRESENTATION_CONTEXT(2) 
PARAMETRIC_REPRESENTATION_CONTEXT() REPRESENTATION_CONTEXT('2D SPACE',''
  ) );
#111 = ORIENTED_EDGE('',*,*,#112,.F.);
#112 = EDGE_CURVE('',#24,#85,#113,.T.);
#113 = SURFACE_CURVE('',#114,(#118,#125),.PCURVE_S1.);
#114 = LINE('',#115,#116);
#115 = CARTESIAN_POINT('',(-27.50251249937,-27.50251249937,
    19.477387505667));
#116 = VECTOR('',#117,1.);
#117 = DIRECTION('',(-0.,1.,0.));
#118 = PCURVE('',#32,#119);
#119 = DEFINITIONAL_REPRESENTATION('',(#120),#124);
#120 = LINE('',#121,#122);
#121 = CARTESIAN_POINT('',(46.979900005037,0.));
#122 = VECTOR('',#123,1.);
#123 = DIRECTION('',(0.,-1.));
#124 = ( GEOMETRIC_REPRESENTATION_CONTEXT(2) 
PARAMETRIC_REPRESENTATION_CONTEXT() REPRESENTATION_CONTEXT('2D SPACE',''
  ) );
#125 = PCURVE('',#126,#131);
#126 = CYLINDRICAL_SURFACE('',#127,8.025124993703);
#127 = AXIS2_PLACEMENT_3D('',#128,#129,#130);
#128 = CARTESIAN_POINT('',(-19.47738750566,-27.50251249937,
    19.477387505667));
#129 = DIRECTION('',(-0.,1.,0.));
#130 = DIRECTION('',(-1.,-0.,0.));
#131 = DEFINITIONAL_REPRESENTATION('',(#132),#136);
#132 = LINE('',#133,#134);
#133 = CARTESIAN_POINT('',(0.,0.));
#134 = VECTOR('',#135,1.);
#135 = DIRECTION('',(0.,1.));
#136 = ( GEOMETRIC_REPRESENTATION_CONTEXT(2) 
PARAMETRIC_REPRESENTATION_CONTEXT() REPRESENTATION_CONTEXT('2D SPACE',''
  ) );
#137 = FACE_BOUND('',#138,.F.);
#138 = EDGE_LOOP('',(#139,#211));
#139 = ORIENTED_EDGE('',*,*,#140,.F.);
#140 = EDGE_CURVE('',#141,#143,#145,.T.);
#141 = VERTEX_POINT('',#142);
#142 = CARTESIAN_POINT('',(-27.50251249937,12.984925003778,
    -8.972362506926));
#143 = VERTEX_POINT('',#144);
#144 = CARTESIAN_POINT('',(-27.50251249937,12.984925003778,
    -16.99748750063));
#145 = SURFACE_CURVE('',#146,(#151,#158),.PCURVE_S1.);
#146 = CIRCLE('',#147,4.012562496852);
#147 = AXIS2_PLACEMENT_3D('',#148,#149,#150);
#148 = CARTESIAN_POINT('',(-27.50251249937,12.984925003778,
    -12.98492500377));
#149 = DIRECTION('',(1.,0.,-0.));
#150 = DIRECTION('',(0.,0.,1.));
#151 = PCURVE('',#32,#152);
#152 = DEFINITIONAL_REPRESENTATION('',(#153),#157);
#153 = CIRCLE('',#154,4.012562496852);
#154 = AXIS2_PLACEMENT_2D('',#155,#156);
#155 = CARTESIAN_POINT('',(14.517587495592,-40.48743750314));
#156 = DIRECTION('',(1.,0.));
#157 = ( GEOMETRIC_REPRESENTATION_CONTEXT(2) 
PARAMETRIC_REPRESENTATION_CONTEXT() REPRESENTATION_CONTEXT('2D SPACE',''
  ) );
#158 = PCURVE('',#159,#164);
#159 = SPHERICAL_SURFACE('',#160,5.196609388381);
#160 = AXIS2_PLACEMENT_3D('',#161,#162,#163);
#161 = CARTESIAN_POINT('',(-30.8046468613,12.984925003778,
    -12.98492500377));
#162 = DIRECTION('',(0.,0.,1.));
#163 = DIRECTION('',(1.,0.,-0.));
#164 = DEFINITIONAL_REPRESENTATION('',(#165),#210);
#165 = B_SPLINE_CURVE_WITH_KNOTS('',8,(#166,#167,#168,#169,#170,#171,
    #172,#173,#174,#175,#176,#177,#178,#179,#180,#181,#182,#183,#184,
    #185,#186,#187,#188,#189,#190,#191,#192,#193,#194,#195,#196,#197,
    #198,#199,#200,#201,#202,#203,#204,#205,#206,#207,#208,#209),
  .UNSPECIFIED.,.F.,.F.,(9,7,7,7,7,7,9),(0.,0.392699081699,
    0.736310778185,1.337631247036,2.239611950313,2.690602301951,
    3.14159265359),.UNSPECIFIED.);
#166 = CARTESIAN_POINT('',(6.28318530718,0.882217880648));
#167 = CARTESIAN_POINT('',(6.223537158624,0.882217880648));
#168 = CARTESIAN_POINT('',(6.163889051752,0.878871610788));
#169 = CARTESIAN_POINT('',(6.105106422382,0.872179224232));
#170 = CARTESIAN_POINT('',(6.048056341579,0.862233438388));
#171 = CARTESIAN_POINT('',(5.993462162964,0.849223059582));
#172 = CARTESIAN_POINT('',(5.941770316098,0.833391676126));
#173 = CARTESIAN_POINT('',(5.893225445866,0.814998585715));
#174 = CARTESIAN_POINT('',(5.808269308018,0.776189939961));
#175 = CARTESIAN_POINT('',(5.771099751558,0.756314493637));
#176 = CARTESIAN_POINT('',(5.736466920223,0.734846687113));
#177 = CARTESIAN_POINT('',(5.704338052858,0.711956077837));
#178 = CARTESIAN_POINT('',(5.674623710927,0.687800954481));
#179 = CARTESIAN_POINT('',(5.647205287776,0.662523823075));
#180 = CARTESIAN_POINT('',(5.621953859477,0.636250820748));
#181 = CARTESIAN_POINT('',(5.558116783353,0.561572470611));
#182 = CARTESIAN_POINT('',(5.52373422961,0.511346165222));
#183 = CARTESIAN_POINT('',(5.494899591413,0.459020385146));
#184 = CARTESIAN_POINT('',(5.470915532345,0.405066449087));
#185 = CARTESIAN_POINT('',(5.451241565044,0.349847349061));
#186 = CARTESIAN_POINT('',(5.43545774881,0.293661445052));
#187 = CARTESIAN_POINT('',(5.423263095409,0.236760784882));
#188 = CARTESIAN_POINT('',(5.401259061346,9.328846386533E-02));
#189 = CARTESIAN_POINT('',(5.395690734543,6.106394002813E-03));
#190 = CARTESIAN_POINT('',(5.397097957359,-8.140992479116E-02));
#191 = CARTESIAN_POINT('',(5.405346371764,-0.168630098304));
#192 = CARTESIAN_POINT('',(5.42080391231,-0.25490936941));
#193 = CARTESIAN_POINT('',(5.444231690086,-0.339514205538));
#194 = CARTESIAN_POINT('',(5.477162829211,-0.421463101097));
#195 = CARTESIAN_POINT('',(5.543917330655,-0.538160578813));
#196 = CARTESIAN_POINT('',(5.56906160349,-0.576022079493));
#197 = CARTESIAN_POINT('',(5.597357236312,-0.612659424364));
#198 = CARTESIAN_POINT('',(5.629093017624,-0.647853422075));
#199 = CARTESIAN_POINT('',(5.664581691287,-0.681347316493));
#200 = CARTESIAN_POINT('',(5.704130578231,-0.712835342691));
#201 = CARTESIAN_POINT('',(5.747969566066,-0.741961671199));
#202 = CARTESIAN_POINT('',(5.844264368555,-0.794731733099));
#203 = CARTESIAN_POINT('',(5.89672011328,-0.818375527932));
#204 = CARTESIAN_POINT('',(5.953505543986,-0.83889843724));
#205 = CARTESIAN_POINT('',(6.014424785249,-0.855899003885));
#206 = CARTESIAN_POINT('',(6.078989137703,-0.86897796025));
#207 = CARTESIAN_POINT('',(6.146181151924,-0.877804433423));
#208 = CARTESIAN_POINT('',(6.214683136573,-0.882217880648));
#209 = CARTESIAN_POINT('',(6.28318530718,-0.882217880648));
#210 = ( GEOMETRIC_REPRESENTATION_CONTEXT(2) 
PARAMETRIC_REPRESENTATION_CONTEXT() REPRESENTATION_CONTEXT('2D SPACE',''
  ) );
#211 = ORIENTED_EDGE('',*,*,#212,.F.);
#212 = EDGE_CURVE('',#143,#141,#213,.T.);
#213 = SURFACE_CURVE('',#214,(#219,#226),.PCURVE_S1.);
#214 = CIRCLE('',#215,4.012562496852);
#215 = AXIS2_PLACEMENT_3D('',#216,#217,#218);
#216 = CARTESIAN_POINT('',(-27.50251249937,12.984925003778,
    -12.98492500377));
#217 = DIRECTION('',(1.,0.,-0.));
#218 = DIRECTION('',(0.,0.,1.));
#219 = PCURVE('',#32,#220);
#220 = DEFINITIONAL_REPRESENTATION('',(#221),#225);
#221 = CIRCLE('',#222,4.012562496852);
#222 = AXIS2_PLACEMENT_2D('',#223,#224);
#223 = CARTESIAN_POINT('',(14.517587495592,-40.48743750314));
#224 = DIRECTION('',(1.,0.));
#225 = ( GEOMETRIC_REPRESENTATION_CONTEXT(2) 
PARAMETRIC_REPRESENTATION_CONTEXT() REPRESENTATION_CONTEXT('2D SPACE',''
  ) );
#226 = PCURVE('',#227,#232);
#227 = SPHERICAL_SURFACE('',#228,5.196609388381);
#228 = AXIS2_PLACEMENT_3D('',#229,#230,#231);
#229 = CARTESIAN_POINT('',(-30.8046468613,12.984925003778,
    -12.98492500377));
#230 = DIRECTION('',(0.,0.,1.));
#231 = DIRECTION('',(1.,0.,-0.));
#232 = DEFINITIONAL_REPRESENTATION('',(#233),#278);
#233 = B_SPLINE_CURVE_WITH_KNOTS('',8,(#234,#235,#236,#237,#238,#239,
    #240,#241,#242,#243,#244,#245,#246,#247,#248,#249,#250,#251,#252,
    #253,#254,#255,#256,#257,#258,#259,#260,#261,#262,#263,#264,#265,
    #266,#267,#268,#269,#270,#271,#272,#273,#274,#275,#276,#277),
  .UNSPECIFIED.,.F.,.F.,(9,7,7,7,7,7,9),(3.14159265359,3.534291735289,
    3.877903431775,4.479223900626,5.381204603903,5.832194955541,
    6.28318530718),.UNSPECIFIED.);
#234 = CARTESIAN_POINT('',(0.,-0.882217880648));
#235 = CARTESIAN_POINT('',(5.96481485557E-02,-0.882217880648));
#236 = CARTESIAN_POINT('',(0.119296255428,-0.878871610789));
#237 = CARTESIAN_POINT('',(0.178078884797,-0.872179224223));
#238 = CARTESIAN_POINT('',(0.2351289656,-0.862233438397));
#239 = CARTESIAN_POINT('',(0.289723144215,-0.849223059573));
#240 = CARTESIAN_POINT('',(0.341414991081,-0.833391676128));
#241 = CARTESIAN_POINT('',(0.389959861314,-0.814998585715));
#242 = CARTESIAN_POINT('',(0.474915999161,-0.776189939961));
#243 = CARTESIAN_POINT('',(0.512085555621,-0.756314493637));
#244 = CARTESIAN_POINT('',(0.546718386957,-0.734846687113));
#245 = CARTESIAN_POINT('',(0.578847254321,-0.711956077837));
#246 = CARTESIAN_POINT('',(0.608561596252,-0.687800954481));
#247 = CARTESIAN_POINT('',(0.635980019404,-0.662523823075));
#248 = CARTESIAN_POINT('',(0.661231447703,-0.636250820748));
#249 = CARTESIAN_POINT('',(0.725068523827,-0.561572470611));
#250 = CARTESIAN_POINT('',(0.75945107757,-0.511346165222));
#251 = CARTESIAN_POINT('',(0.788285715765,-0.459020385145));
#252 = CARTESIAN_POINT('',(0.812269774837,-0.405066449089));
#253 = CARTESIAN_POINT('',(0.831943742134,-0.349847349061));
#254 = CARTESIAN_POINT('',(0.847727558371,-0.293661445053));
#255 = CARTESIAN_POINT('',(0.85992221177,-0.236760784882));
#256 = CARTESIAN_POINT('',(0.881926245833,-9.328846386533E-02));
#257 = CARTESIAN_POINT('',(0.887494572638,-6.106394003183E-03));
#258 = CARTESIAN_POINT('',(0.886087349817,8.140992479309E-02));
#259 = CARTESIAN_POINT('',(0.877838935422,0.168630098301));
#260 = CARTESIAN_POINT('',(0.862381394864,0.254909369412));
#261 = CARTESIAN_POINT('',(0.838953617095,0.339514205538));
#262 = CARTESIAN_POINT('',(0.806022477969,0.421463101097));
#263 = CARTESIAN_POINT('',(0.739267976525,0.538160578813));
#264 = CARTESIAN_POINT('',(0.714123703689,0.576022079493));
#265 = CARTESIAN_POINT('',(0.685828070867,0.612659424364));
#266 = CARTESIAN_POINT('',(0.654092289556,0.647853422075));
#267 = CARTESIAN_POINT('',(0.618603615893,0.681347316493));
#268 = CARTESIAN_POINT('',(0.579054728949,0.712835342691));
#269 = CARTESIAN_POINT('',(0.535215741114,0.741961671199));
#270 = CARTESIAN_POINT('',(0.438920938625,0.794731733099));
#271 = CARTESIAN_POINT('',(0.386465193899,0.818375527931));
#272 = CARTESIAN_POINT('',(0.329679763195,0.838898437243));
#273 = CARTESIAN_POINT('',(0.268760521931,0.855899003879));
#274 = CARTESIAN_POINT('',(0.204196169477,0.868977960249));
#275 = CARTESIAN_POINT('',(0.137004155256,0.877804433422));
#276 = CARTESIAN_POINT('',(6.850217060694E-02,0.882217880648));
#277 = CARTESIAN_POINT('',(5.379420231586E-16,0.882217880648));
#278 = ( GEOMETRIC_REPRESENTATION_CONTEXT(2) 
PARAMETRIC_REPRESENTATION_CONTEXT() REPRESENTATION_CONTEXT('2D SPACE',''
  ) );
#279 = FACE_BOUND('',#280,.F.);
#280 = EDGE_LOOP('',(#281,#353));
#281 = ORIENTED_EDGE('',*,*,#282,.F.);
#282 = EDGE_CURVE('',#283,#285,#287,.T.);
#283 = VERTEX_POINT('',#284);
#284 = CARTESIAN_POINT('',(-27.50251249937,12.984925003778,
    16.99748750063));
#285 = VERTEX_POINT('',#286);
#286 = CARTESIAN_POINT('',(-27.50251249937,12.984925003778,
    8.972362506926));
#287 = SURFACE_CURVE('',#288,(#293,#300),.PCURVE_S1.);
#288 = CIRCLE('',#289,4.012562496852);
#289 = AXIS2_PLACEMENT_3D('',#290,#291,#292);
#290 = CARTESIAN_POINT('',(-27.50251249937,12.984925003778,
    12.984925003778));
#291 = DIRECTION('',(1.,0.,-0.));
#292 = DIRECTION('',(0.,0.,1.));
#293 = PCURVE('',#32,#294);
#294 = DEFINITIONAL_REPRESENTATION('',(#295),#299);
#295 = CIRCLE('',#296,4.012562496852);
#296 = AXIS2_PLACEMENT_2D('',#297,#298);
#297 = CARTESIAN_POINT('',(40.487437503148,-40.48743750314));
#298 = DIRECTION('',(1.,0.));
#299 = ( GEOMETRIC_REPRESENTATION_CONTEXT(2) 
PARAMETRIC_REPRESENTATION_CONTEXT() REPRESENTATION_CONTEXT('2D SPACE',''
  ) );
#300 = PCURVE('',#301,#306);
#301 = SPHERICAL_SURFACE('',#302,5.196609388381);
#302 = AXIS2_PLACEMENT_3D('',#303,#304,#305);
#303 = CARTESIAN_POINT('',(-30.8046468613,12.984925003778,
    12.984925003778));
#304 = DIRECTION('',(0.,0.,1.));
#305 = DIRECTION('',(1.,0.,-0.));
#306 = DEFINITIONAL_REPRESENTATION('',(#307),#352);
#307 = B_SPLINE_CURVE_WITH_KNOTS('',8,(#308,#309,#310,#311,#312,#313,
    #314,#315,#316,#317,#318,#319,#320,#321,#322,#323,#324,#325,#326,
    #327,#328,#329,#330,#331,#332,#333,#334,#335,#336,#337,#338,#339,
    #340,#341,#342,#343,#344,#345,#346,#347,#348,#349,#350,#351),
  .UNSPECIFIED.,.F.,.F.,(9,7,7,7,7,7,9),(0.,0.392699081699,
    0.736310778185,1.337631247036,2.239611950313,2.690602301951,
    3.14159265359),.UNSPECIFIED.);
#308 = CARTESIAN_POINT('',(6.28318530718,0.882217880648));
#309 = CARTESIAN_POINT('',(6.223537158624,0.882217880648));
#310 = CARTESIAN_POINT('',(6.163889051752,0.878871610788));
#311 = CARTESIAN_POINT('',(6.105106422382,0.872179224225));
#312 = CARTESIAN_POINT('',(6.048056341579,0.862233438393));
#313 = CARTESIAN_POINT('',(5.993462162964,0.849223059575));
#314 = CARTESIAN_POINT('',(5.941770316098,0.833391676128));
#315 = CARTESIAN_POINT('',(5.893225445866,0.814998585715));
#316 = CARTESIAN_POINT('',(5.808269308018,0.776189939961));
#317 = CARTESIAN_POINT('',(5.771099751558,0.756314493637));
#318 = CARTESIAN_POINT('',(5.736466920223,0.734846687113));
#319 = CARTESIAN_POINT('',(5.704338052858,0.711956077837));
#320 = CARTESIAN_POINT('',(5.674623710927,0.687800954481));
#321 = CARTESIAN_POINT('',(5.647205287776,0.662523823075));
#322 = CARTESIAN_POINT('',(5.621953859477,0.636250820748));
#323 = CARTESIAN_POINT('',(5.558116783353,0.561572470611));
#324 = CARTESIAN_POINT('',(5.52373422961,0.511346165222));
#325 = CARTESIAN_POINT('',(5.494899591413,0.459020385146));
#326 = CARTESIAN_POINT('',(5.470915532345,0.405066449087));
#327 = CARTESIAN_POINT('',(5.451241565044,0.349847349061));
#328 = CARTESIAN_POINT('',(5.43545774881,0.293661445052));
#329 = CARTESIAN_POINT('',(5.423263095409,0.236760784882));
#330 = CARTESIAN_POINT('',(5.401259061346,9.328846386533E-02));
#331 = CARTESIAN_POINT('',(5.395690734543,6.106394002813E-03));
#332 = CARTESIAN_POINT('',(5.397097957359,-8.140992479116E-02));
#333 = CARTESIAN_POINT('',(5.405346371764,-0.168630098304));
#334 = CARTESIAN_POINT('',(5.42080391231,-0.25490936941));
#335 = CARTESIAN_POINT('',(5.444231690086,-0.339514205538));
#336 = CARTESIAN_POINT('',(5.477162829211,-0.421463101097));
#337 = CARTESIAN_POINT('',(5.543917330655,-0.538160578813));
#338 = CARTESIAN_POINT('',(5.56906160349,-0.576022079493));
#339 = CARTESIAN_POINT('',(5.597357236312,-0.612659424364));
#340 = CARTESIAN_POINT('',(5.629093017624,-0.647853422075));
#341 = CARTESIAN_POINT('',(5.664581691287,-0.681347316493));
#342 = CARTESIAN_POINT('',(5.704130578231,-0.712835342691));
#343 = CARTESIAN_POINT('',(5.747969566066,-0.741961671199));
#344 = CARTESIAN_POINT('',(5.844264368555,-0.794731733099));
#345 = CARTESIAN_POINT('',(5.89672011328,-0.818375527931));
#346 = CARTESIAN_POINT('',(5.953505543986,-0.838898437243));
#347 = CARTESIAN_POINT('',(6.014424785249,-0.855899003879));
#348 = CARTESIAN_POINT('',(6.078989137703,-0.868977960249));
#349 = CARTESIAN_POINT('',(6.146181151924,-0.877804433422));
#350 = CARTESIAN_POINT('',(6.214683136573,-0.882217880648));
#351 = CARTESIAN_POINT('',(6.28318530718,-0.882217880648));
#352 = ( GEOMETRIC_REPRESENTATION_CONTEXT(2) 
PARAMETRIC_REPRESENTATION_CONTEXT() REPRESENTATION_CONTEXT('2D SPACE',''
  ) );
#353 = ORIENTED_EDGE('',*,*,#354,.F.);
#354 = EDGE_CURVE('',#285,#283,#355,.T.);
#355 = SURFACE_CURVE('',#356,(#361,#368),.PCURVE_S1.);
#356 = CIRCLE('',#357,4.012562496852);
#357 = AXIS2_PLACEMENT_3D('',#358,#359,#360);
#358 = CARTESIAN_POINT('',(-27.50251249937,12.984925003778,
    12.984925003778));
#359 = DIRECTION('',(1.,0.,-0.));
#360 = DIRECTION('',(0.,0.,1.));
#361 = PCURVE('',#32,#362);
#362 = DEFINITIONAL_REPRESENTATION('',(#363),#367);
#363 = CIRCLE('',#364,4.012562496852);
#364 = AXIS2_PLACEMENT_2D('',#365,#366);
#365 = CARTESIAN_POINT('',(40.487437503148,-40.48743750314));
#366 = DIRECTION('',(1.,0.));
#367 = ( GEOMETRIC_REPRESENTATION_CONTEXT(2) 
PARAMETRIC_REPRESENTATION_CONTEXT() REPRESENTATION_CONTEXT('2D SPACE',''
  ) );
#368 = PCURVE('',#369,#374);
#369 = SPHERICAL_SURFACE('',#370,5.196609388381);
#370 = AXIS2_PLACEMENT_3D('',#371,#372,#373);
#371 = CARTESIAN_POINT('',(-30.8046468613,12.984925003778,
    12.984925003778));
#372 = DIRECTION('',(0.,0.,1.));
#373 = DIRECTION('',(1.,0.,-0.));
#374 = DEFINITIONAL_REPRESENTATION('',(#375),#420);
#375 = B_SPLINE_CURVE_WITH_KNOTS('',8,(#376,#377,#378,#379,#380,#381,
    #382,#383,#384,#385,#386,#387,#388,#389,#390,#391,#392,#393,#394,
    #395,#396,#397,#398,#399,#400,#401,#402,#403,#404,#405,#406,#407,
    #408,#409,#410,#411,#412,#413,#414,#415,#416,#417,#418,#419),
  .UNSPECIFIED.,.F.,.F.,(9,7,7,7,7,7,9),(3.14159265359,3.534291735289,
    3.877903431775,4.479223900626,5.381204603903,5.832194955541,
    6.28318530718),.UNSPECIFIED.);
#376 = CARTESIAN_POINT('',(0.,-0.882217880648));
#377 = CARTESIAN_POINT('',(5.96481485557E-02,-0.882217880648));
#378 = CARTESIAN_POINT('',(0.119296255428,-0.878871610788));
#379 = CARTESIAN_POINT('',(0.178078884797,-0.87217922423));
#380 = CARTESIAN_POINT('',(0.2351289656,-0.862233438388));
#381 = CARTESIAN_POINT('',(0.289723144215,-0.849223059582));
#382 = CARTESIAN_POINT('',(0.341414991081,-0.833391676128));
#383 = CARTESIAN_POINT('',(0.389959861314,-0.814998585715));
#384 = CARTESIAN_POINT('',(0.474915999161,-0.776189939961));
#385 = CARTESIAN_POINT('',(0.512085555621,-0.756314493637));
#386 = CARTESIAN_POINT('',(0.546718386957,-0.734846687113));
#387 = CARTESIAN_POINT('',(0.578847254321,-0.711956077837));
#388 = CARTESIAN_POINT('',(0.608561596252,-0.687800954481));
#389 = CARTESIAN_POINT('',(0.635980019404,-0.662523823075));
#390 = CARTESIAN_POINT('',(0.661231447703,-0.636250820748));
#391 = CARTESIAN_POINT('',(0.725068523827,-0.561572470611));
#392 = CARTESIAN_POINT('',(0.75945107757,-0.511346165222));
#393 = CARTESIAN_POINT('',(0.788285715765,-0.459020385145));
#394 = CARTESIAN_POINT('',(0.812269774837,-0.405066449089));
#395 = CARTESIAN_POINT('',(0.831943742134,-0.349847349061));
#396 = CARTESIAN_POINT('',(0.847727558371,-0.293661445053));
#397 = CARTESIAN_POINT('',(0.85992221177,-0.236760784882));
#398 = CARTESIAN_POINT('',(0.881926245833,-9.328846386533E-02));
#399 = CARTESIAN_POINT('',(0.887494572638,-6.106394003183E-03));
#400 = CARTESIAN_POINT('',(0.886087349817,8.140992479309E-02));
#401 = CARTESIAN_POINT('',(0.877838935422,0.168630098301));
#402 = CARTESIAN_POINT('',(0.862381394864,0.254909369412));
#403 = CARTESIAN_POINT('',(0.838953617095,0.339514205538));
#404 = CARTESIAN_POINT('',(0.806022477969,0.421463101097));
#405 = CARTESIAN_POINT('',(0.739267976525,0.538160578813));
#406 = CARTESIAN_POINT('',(0.714123703689,0.576022079493));
#407 = CARTESIAN_POINT('',(0.685828070867,0.612659424364));
#408 = CARTESIAN_POINT('',(0.654092289556,0.647853422075));
#409 = CARTESIAN_POINT('',(0.618603615893,0.681347316493));
#410 = CARTESIAN_POINT('',(0.579054728949,0.712835342691));
#411 = CARTESIAN_POINT('',(0.535215741114,0.741961671199));
#412 = CARTESIAN_POINT('',(0.438920938625,0.794731733099));
#413 = CARTESIAN_POINT('',(0.386465193899,0.818375527933));
#414 = CARTESIAN_POINT('',(0.329679763195,0.838898437239));
#415 = CARTESIAN_POINT('',(0.268760521931,0.85589900389));
#416 = CARTESIAN_POINT('',(0.204196169477,0.868977960245));
#417 = CARTESIAN_POINT('',(0.137004155256,0.877804433424));
#418 = CARTESIAN_POINT('',(6.850217060694E-02,0.882217880648));
#419 = CARTESIAN_POINT('',(5.379420231586E-16,0.882217880648));
#420 = ( GEOMETRIC_REPRESENTATION_CONTEXT(2) 
PARAMETRIC_REPRESENTATION_CONTEXT() REPRESENTATION_CONTEXT('2D SPACE',''
  ) );
#421 = FACE_BOUND('',#422,.F.);
#422 = EDGE_LOOP('',(#423,#495));
#423 = ORIENTED_EDGE('',*,*,#424,.F.);
#424 = EDGE_CURVE('',#425,#427,#429,.T.);
#425 = VERTEX_POINT('',#426);
#426 = CARTESIAN_POINT('',(-27.50251249937,-12.98492500377,
    -8.972362506926));
#427 = VERTEX_POINT('',#428);
#428 = CARTESIAN_POINT('',(-27.50251249937,-12.98492500377,
    -16.99748750063));
#429 = SURFACE_CURVE('',#430,(#435,#442),.PCURVE_S1.);
#430 = CIRCLE('',#431,4.012562496852);
#431 = AXIS2_PLACEMENT_3D('',#432,#433,#434);
#432 = CARTESIAN_POINT('',(-27.50251249937,-12.98492500377,
    -12.98492500377));
#433 = DIRECTION('',(1.,0.,-0.));
#434 = DIRECTION('',(0.,0.,1.));
#435 = PCURVE('',#32,#436);
#436 = DEFINITIONAL_REPRESENTATION('',(#437),#441);
#437 = CIRCLE('',#438,4.012562496852);
#438 = AXIS2_PLACEMENT_2D('',#439,#440);
#439 = CARTESIAN_POINT('',(14.517587495592,-14.51758749559));
#440 = DIRECTION('',(1.,0.));
#441 = ( GEOMETRIC_REPRESENTATION_CONTEXT(2) 
PARAMETRIC_REPRESENTATION_CONTEXT() REPRESENTATION_CONTEXT('2D SPACE',''
  ) );
#442 = PCURVE('',#443,#448);
#443 = SPHERICAL_SURFACE('',#444,5.196609388381);
#444 = AXIS2_PLACEMENT_3D('',#445,#446,#447);
#445 = CARTESIAN_POINT('',(-30.8046468613,-12.98492500377,
    -12.98492500377));
#446 = DIRECTION('',(0.,0.,1.));
#447 = DIRECTION('',(1.,0.,-0.));
#448 = DEFINITIONAL_REPRESENTATION('',(#449),#494);
#449 = B_SPLINE_CURVE_WITH_KNOTS('',8,(#450,#451,#452,#453,#454,#455,
    #456,#457,#458,#459,#460,#461,#462,#463,#464,#465,#466,#467,#468,
    #469,#470,#471,#472,#473,#474,#475,#476,#477,#478,#479,#480,#481,
    #482,#483,#484,#485,#486,#487,#488,#489,#490,#491,#492,#493),
  .UNSPECIFIED.,.F.,.F.,(9,7,7,7,7,7,9),(0.,0.392699081699,
    0.736310778185,1.337631247036,2.239611950313,2.690602301951,
    3.14159265359),.UNSPECIFIED.);
#450 = CARTESIAN_POINT('',(6.28318530718,0.882217880648));
#451 = CARTESIAN_POINT('',(6.223537158624,0.882217880648));
#452 = CARTESIAN_POINT('',(6.163889051752,0.878871610788));
#453 = CARTESIAN_POINT('',(6.105106422382,0.872179224232));
#454 = CARTESIAN_POINT('',(6.048056341579,0.862233438388));
#455 = CARTESIAN_POINT('',(5.993462162964,0.849223059582));
#456 = CARTESIAN_POINT('',(5.941770316098,0.833391676126));
#457 = CARTESIAN_POINT('',(5.893225445866,0.814998585715));
#458 = CARTESIAN_POINT('',(5.808269308018,0.776189939961));
#459 = CARTESIAN_POINT('',(5.771099751558,0.756314493637));
#460 = CARTESIAN_POINT('',(5.736466920223,0.734846687113));
#461 = CARTESIAN_POINT('',(5.704338052858,0.711956077837));
#462 = CARTESIAN_POINT('',(5.674623710927,0.687800954481));
#463 = CARTESIAN_POINT('',(5.647205287776,0.662523823075));
#464 = CARTESIAN_POINT('',(5.621953859477,0.636250820748));
#465 = CARTESIAN_POINT('',(5.558116783353,0.561572470611));
#466 = CARTESIAN_POINT('',(5.523734229609,0.511346165221));
#467 = CARTESIAN_POINT('',(5.494899591417,0.459020385147));
#468 = CARTESIAN_POINT('',(5.47091553234,0.405066449086));
#469 = CARTESIAN_POINT('',(5.451241565048,0.349847349062));
#470 = CARTESIAN_POINT('',(5.435457748808,0.293661445052));
#471 = CARTESIAN_POINT('',(5.423263095409,0.236760784882));
#472 = CARTESIAN_POINT('',(5.401259061346,9.328846386533E-02));
#473 = CARTESIAN_POINT('',(5.395690734543,6.106394002813E-03));
#474 = CARTESIAN_POINT('',(5.397097957363,-8.140992479116E-02));
#475 = CARTESIAN_POINT('',(5.405346371761,-0.168630098304));
#476 = CARTESIAN_POINT('',(5.420803912314,-0.25490936941));
#477 = CARTESIAN_POINT('',(5.444231690085,-0.339514205538));
#478 = CARTESIAN_POINT('',(5.477162829211,-0.421463101097));
#479 = CARTESIAN_POINT('',(5.543917330655,-0.538160578813));
#480 = CARTESIAN_POINT('',(5.56906160349,-0.576022079493));
#481 = CARTESIAN_POINT('',(5.597357236312,-0.612659424364));
#482 = CARTESIAN_POINT('',(5.629093017624,-0.647853422075));
#483 = CARTESIAN_POINT('',(5.664581691287,-0.681347316493));
#484 = CARTESIAN_POINT('',(5.704130578231,-0.712835342691));
#485 = CARTESIAN_POINT('',(5.747969566066,-0.741961671199));
#486 = CARTESIAN_POINT('',(5.844264368555,-0.794731733099));
#487 = CARTESIAN_POINT('',(5.89672011328,-0.818375527932));
#488 = CARTESIAN_POINT('',(5.953505543986,-0.83889843724));
#489 = CARTESIAN_POINT('',(6.014424785249,-0.855899003885));
#490 = CARTESIAN_POINT('',(6.078989137703,-0.86897796025));
#491 = CARTESIAN_POINT('',(6.146181151924,-0.877804433423));
#492 = CARTESIAN_POINT('',(6.214683136573,-0.882217880648));
#493 = CARTESIAN_POINT('',(6.28318530718,-0.882217880648));
#494 = ( GEOMETRIC_REPRESENTATION_CONTEXT(2) 
PARAMETRIC_REPRESENTATION_CONTEXT() REPRESENTATION_CONTEXT('2D SPACE',''
  ) );
#495 = ORIENTED_EDGE('',*,*,#496,.F.);
#496 = EDGE_CURVE('',#427,#425,#497,.T.);
#497 = SURFACE_CURVE('',#498,(#503,#510),.PCURVE_S1.);
#498 = CIRCLE('',#499,4.012562496852);
#499 = AXIS2_PLACEMENT_3D('',#500,#501,#502);
#500 = CARTESIAN_POINT('',(-27.50251249937,-12.98492500377,
    -12.98492500377));
#501 = DIRECTION('',(1.,0.,-0.));
#502 = DIRECTION('',(0.,0.,1.));
#503 = PCURVE('',#32,#504);
#504 = DEFINITIONAL_REPRESENTATION('',(#505),#509);
#505 = CIRCLE('',#506,4.012562496852);
#506 = AXIS2_PLACEMENT_2D('',#507,#508);
#507 = CARTESIAN_POINT('',(14.517587495592,-14.51758749559));
#508 = DIRECTION('',(1.,0.));
#509 = ( GEOMETRIC_REPRESENTATION_CONTEXT(2) 
PARAMETRIC_REPRESENTATION_CONTEXT() REPRESENTATION_CONTEXT('2D SPACE',''
  ) );
#510 = PCURVE('',#511,#516);
#511 = SPHERICAL_SURFACE('',#512,5.196609388381);
#512 = AXIS2_PLACEMENT_3D('',#513,#514,#515);
#513 = CARTESIAN_POINT('',(-30.8046468613,-12.98492500377,
    -12.98492500377));
#514 = DIRECTION('',(0.,0.,1.));
#515 = DIRECTION('',(1.,0.,-0.));
#516 = DEFINITIONAL_REPRESENTATION('',(#517),#562);
#517 = B_SPLINE_CURVE_WITH_KNOTS('',8,(#518,#519,#520,#521,#522,#523,
    #524,#525,#526,#527,#528,#529,#530,#531,#532,#533,#534,#535,#536,
    #537,#538,#539,#540,#541,#542,#543,#544,#545,#546,#547,#548,#549,
    #550,#551,#552,#553,#554,#555,#556,#557,#558,#559,#560,#561),
  .UNSPECIFIED.,.F.,.F.,(9,7,7,7,7,7,9),(3.14159265359,3.534291735289,
    3.877903431775,4.479223900626,5.381204603903,5.832194955541,
    6.28318530718),.UNSPECIFIED.);
#518 = CARTESIAN_POINT('',(0.,-0.882217880648));
#519 = CARTESIAN_POINT('',(5.96481485557E-02,-0.882217880648));
#520 = CARTESIAN_POINT('',(0.119296255428,-0.878871610789));
#521 = CARTESIAN_POINT('',(0.178078884797,-0.872179224223));
#522 = CARTESIAN_POINT('',(0.2351289656,-0.862233438397));
#523 = CARTESIAN_POINT('',(0.289723144215,-0.849223059573));
#524 = CARTESIAN_POINT('',(0.341414991081,-0.833391676128));
#525 = CARTESIAN_POINT('',(0.389959861314,-0.814998585715));
#526 = CARTESIAN_POINT('',(0.474915999161,-0.776189939961));
#527 = CARTESIAN_POINT('',(0.512085555621,-0.756314493637));
#528 = CARTESIAN_POINT('',(0.546718386957,-0.734846687113));
#529 = CARTESIAN_POINT('',(0.578847254321,-0.711956077837));
#530 = CARTESIAN_POINT('',(0.608561596252,-0.687800954481));
#531 = CARTESIAN_POINT('',(0.635980019404,-0.662523823075));
#532 = CARTESIAN_POINT('',(0.661231447703,-0.636250820748));
#533 = CARTESIAN_POINT('',(0.725068523827,-0.561572470611));
#534 = CARTESIAN_POINT('',(0.75945107757,-0.511346165222));
#535 = CARTESIAN_POINT('',(0.788285715765,-0.459020385145));
#536 = CARTESIAN_POINT('',(0.812269774837,-0.405066449089));
#537 = CARTESIAN_POINT('',(0.831943742134,-0.349847349061));
#538 = CARTESIAN_POINT('',(0.847727558371,-0.293661445053));
#539 = CARTESIAN_POINT('',(0.85992221177,-0.236760784882));
#540 = CARTESIAN_POINT('',(0.881926245833,-9.328846386533E-02));
#541 = CARTESIAN_POINT('',(0.887494572637,-6.106394003098E-03));
#542 = CARTESIAN_POINT('',(0.886087349817,8.14099247923E-02));
#543 = CARTESIAN_POINT('',(0.877838935421,0.168630098302));
#544 = CARTESIAN_POINT('',(0.862381394867,0.254909369411));
#545 = CARTESIAN_POINT('',(0.838953617095,0.339514205538));
#546 = CARTESIAN_POINT('',(0.806022477969,0.421463101097));
#547 = CARTESIAN_POINT('',(0.739267976525,0.538160578813));
#548 = CARTESIAN_POINT('',(0.714123703689,0.576022079493));
#549 = CARTESIAN_POINT('',(0.685828070867,0.612659424364));
#550 = CARTESIAN_POINT('',(0.654092289556,0.647853422075));
#551 = CARTESIAN_POINT('',(0.618603615893,0.681347316493));
#552 = CARTESIAN_POINT('',(0.579054728949,0.712835342691));
#553 = CARTESIAN_POINT('',(0.535215741114,0.741961671199));
#554 = CARTESIAN_POINT('',(0.438920938625,0.794731733099));
#555 = CARTESIAN_POINT('',(0.386465193899,0.818375527931));
#556 = CARTESIAN_POINT('',(0.329679763195,0.838898437243));
#557 = CARTESIAN_POINT('',(0.268760521931,0.855899003879));
#558 = CARTESIAN_POINT('',(0.204196169477,0.868977960249));
#559 = CARTESIAN_POINT('',(0.137004155256,0.877804433422));
#560 = CARTESIAN_POINT('',(6.850217060694E-02,0.882217880648));
#561 = CARTESIAN_POINT('',(5.379420231586E-16,0.882217880648));
#562 = ( GEOMETRIC_REPRESENTATION_CONTEXT(2) 
PARAMETRIC_REPRESENTATION_CONTEXT() REPRESENTATION_CONTEXT('2D SPACE',''
  ) );
#563 = FACE_BOUND('',#564,.F.);
#564 = EDGE_LOOP('',(#565,#637));
#565 = ORIENTED_EDGE('',*,*,#566,.F.);
#566 = EDGE_CURVE('',#567,#569,#571,.T.);
#567 = VERTEX_POINT('',#568);
#568 = CARTESIAN_POINT('',(-27.50251249937,-8.087896553394E-16,
    4.012562496852));
#569 = VERTEX_POINT('',#570);
#570 = CARTESIAN_POINT('',(-27.50251249937,-8.087896553394E-16,
    -4.012562496852));
#571 = SURFACE_CURVE('',#572,(#577,#584),.PCURVE_S1.);
#572 = CIRCLE('',#573,4.012562496852);
#573 = AXIS2_PLACEMENT_3D('',#574,#575,#576);
#574 = CARTESIAN_POINT('',(-27.50251249937,0.,0.));
#575 = DIRECTION('',(1.,0.,-0.));
#576 = DIRECTION('',(0.,0.,1.));
#577 = PCURVE('',#32,#578);
#578 = DEFINITIONAL_REPRESENTATION('',(#579),#583);
#579 = CIRCLE('',#580,4.012562496852);
#580 = AXIS2_PLACEMENT_2D('',#581,#582);
#581 = CARTESIAN_POINT('',(27.50251249937,-27.50251249937));
#582 = DIRECTION('',(1.,0.));
#583 = ( GEOMETRIC_REPRESENTATION_CONTEXT(2) 
PARAMETRIC_REPRESENTATION_CONTEXT() REPRESENTATION_CONTEXT('2D SPACE',''
  ) );
#584 = PCURVE('',#585,#590);
#585 = SPHERICAL_SURFACE('',#586,5.196609388381);
#586 = AXIS2_PLACEMENT_3D('',#587,#588,#589);
#587 = CARTESIAN_POINT('',(-30.8046468613,0.,0.));
#588 = DIRECTION('',(0.,0.,1.));
#589 = DIRECTION('',(1.,0.,-0.));
#590 = DEFINITIONAL_REPRESENTATION('',(#591),#636);
#591 = B_SPLINE_CURVE_WITH_KNOTS('',8,(#592,#593,#594,#595,#596,#597,
    #598,#599,#600,#601,#602,#603,#604,#605,#606,#607,#608,#609,#610,
    #611,#612,#613,#614,#615,#616,#617,#618,#619,#620,#621,#622,#623,
    #624,#625,#626,#627,#628,#629,#630,#631,#632,#633,#634,#635),
  .UNSPECIFIED.,.F.,.F.,(9,7,7,7,7,7,9),(0.,0.392699081699,
    0.736310778185,1.337631247036,2.239611950313,2.690602301951,
    3.14159265359),.UNSPECIFIED.);
#592 = CARTESIAN_POINT('',(6.28318530718,0.882217880648));
#593 = CARTESIAN_POINT('',(6.223537158624,0.882217880648));
#594 = CARTESIAN_POINT('',(6.163889051752,0.878871610788));
#595 = CARTESIAN_POINT('',(6.105106422382,0.872179224227));
#596 = CARTESIAN_POINT('',(6.04805634158,0.862233438393));
#597 = CARTESIAN_POINT('',(5.993462162965,0.849223059577));
#598 = CARTESIAN_POINT('',(5.941770316098,0.833391676127));
#599 = CARTESIAN_POINT('',(5.893225445866,0.814998585715));
#600 = CARTESIAN_POINT('',(5.808269308018,0.776189939961));
#601 = CARTESIAN_POINT('',(5.771099751558,0.756314493637));
#602 = CARTESIAN_POINT('',(5.736466920223,0.734846687113));
#603 = CARTESIAN_POINT('',(5.704338052858,0.711956077837));
#604 = CARTESIAN_POINT('',(5.674623710927,0.687800954481));
#605 = CARTESIAN_POINT('',(5.647205287776,0.662523823075));
#606 = CARTESIAN_POINT('',(5.621953859477,0.636250820748));
#607 = CARTESIAN_POINT('',(5.558116783353,0.561572470611));
#608 = CARTESIAN_POINT('',(5.523734229609,0.511346165222));
#609 = CARTESIAN_POINT('',(5.494899591413,0.459020385144));
#610 = CARTESIAN_POINT('',(5.470915532343,0.40506644909));
#611 = CARTESIAN_POINT('',(5.451241565046,0.34984734906));
#612 = CARTESIAN_POINT('',(5.435457748809,0.293661445053));
#613 = CARTESIAN_POINT('',(5.423263095409,0.236760784882));
#614 = CARTESIAN_POINT('',(5.401259061346,9.328846386533E-02));
#615 = CARTESIAN_POINT('',(5.395690734543,6.106394003012E-03));
#616 = CARTESIAN_POINT('',(5.397097957359,-8.140992479218E-02));
#617 = CARTESIAN_POINT('',(5.405346371762,-0.168630098303));
#618 = CARTESIAN_POINT('',(5.42080391231,-0.254909369411));
#619 = CARTESIAN_POINT('',(5.444231690085,-0.339514205538));
#620 = CARTESIAN_POINT('',(5.477162829211,-0.421463101097));
#621 = CARTESIAN_POINT('',(5.543917330655,-0.538160578813));
#622 = CARTESIAN_POINT('',(5.56906160349,-0.576022079493));
#623 = CARTESIAN_POINT('',(5.597357236312,-0.612659424364));
#624 = CARTESIAN_POINT('',(5.629093017623,-0.647853422075));
#625 = CARTESIAN_POINT('',(5.664581691287,-0.681347316493));
#626 = CARTESIAN_POINT('',(5.704130578231,-0.712835342691));
#627 = CARTESIAN_POINT('',(5.747969566066,-0.741961671199));
#628 = CARTESIAN_POINT('',(5.844264368555,-0.794731733099));
#629 = CARTESIAN_POINT('',(5.89672011328,-0.818375527931));
#630 = CARTESIAN_POINT('',(5.953505543985,-0.838898437243));
#631 = CARTESIAN_POINT('',(6.014424785249,-0.855899003882));
#632 = CARTESIAN_POINT('',(6.078989137703,-0.868977960251));
#633 = CARTESIAN_POINT('',(6.146181151924,-0.877804433423));
#634 = CARTESIAN_POINT('',(6.214683136573,-0.882217880648));
#635 = CARTESIAN_POINT('',(6.28318530718,-0.882217880648));
#636 = ( GEOMETRIC_REPRESENTATION_CONTEXT(2) 
PARAMETRIC_REPRESENTATION_CONTEXT() REPRESENTATION_CONTEXT('2D SPACE',''
  ) );
#637 = ORIENTED_EDGE('',*,*,#638,.F.);
#638 = EDGE_CURVE('',#569,#567,#639,.T.);
#639 = SURFACE_CURVE('',#640,(#645,#652),.PCURVE_S1.);
#640 = CIRCLE('',#641,4.012562496852);
#641 = AXIS2_PLACEMENT_3D('',#642,#643,#644);
#642 = CARTESIAN_POINT('',(-27.50251249937,0.,0.));
#643 = DIRECTION('',(1.,0.,-0.));
#644 = DIRECTION('',(0.,0.,1.));
#645 = PCURVE('',#32,#646);
#646 = DEFINITIONAL_REPRESENTATION('',(#647),#651);
#647 = CIRCLE('',#648,4.012562496852);
#648 = AXIS2_PLACEMENT_2D('',#649,#650);
#649 = CARTESIAN_POINT('',(27.50251249937,-27.50251249937));
#650 = DIRECTION('',(1.,0.));
#651 = ( GEOMETRIC_REPRESENTATION_CONTEXT(2) 
PARAMETRIC_REPRESENTATION_CONTEXT() REPRESENTATION_CONTEXT('2D SPACE',''
  ) );
#652 = PCURVE('',#653,#658);
#653 = SPHERICAL_SURFACE('',#654,5.196609388381);
#654 = AXIS2_PLACEMENT_3D('',#655,#656,#657);
#655 = CARTESIAN_POINT('',(-30.8046468613,0.,0.));
#656 = DIRECTION('',(0.,0.,1.));
#657 = DIRECTION('',(1.,0.,-0.));
#658 = DEFINITIONAL_REPRESENTATION('',(#659),#704);
#659 = B_SPLINE_CURVE_WITH_KNOTS('',8,(#660,#661,#662,#663,#664,#665,
    #666,#667,#668,#669,#670,#671,#672,#673,#674,#675,#676,#677,#678,
    #679,#680,#681,#682,#683,#684,#685,#686,#687,#688,#689,#690,#691,
    #692,#693,#694,#695,#696,#697,#698,#699,#700,#701,#702,#703),
  .UNSPECIFIED.,.F.,.F.,(9,7,7,7,7,7,9),(3.14159265359,3.534291735289,
    3.877903431775,4.479223900626,5.381204603903,5.832194955541,
    6.28318530718),.UNSPECIFIED.);
#660 = CARTESIAN_POINT('',(0.,-0.882217880648));
#661 = CARTESIAN_POINT('',(5.96481485557E-02,-0.882217880648));
#662 = CARTESIAN_POINT('',(0.119296255427,-0.878871610788));
#663 = CARTESIAN_POINT('',(0.178078884798,-0.872179224227));
#664 = CARTESIAN_POINT('',(0.235128965599,-0.862233438393));
#665 = CARTESIAN_POINT('',(0.289723144216,-0.849223059577));
#666 = CARTESIAN_POINT('',(0.341414991081,-0.833391676127));
#667 = CARTESIAN_POINT('',(0.389959861314,-0.814998585715));
#668 = CARTESIAN_POINT('',(0.474915999161,-0.776189939961));
#669 = CARTESIAN_POINT('',(0.512085555621,-0.756314493637));
#670 = CARTESIAN_POINT('',(0.546718386957,-0.734846687113));
#671 = CARTESIAN_POINT('',(0.578847254321,-0.711956077837));
#672 = CARTESIAN_POINT('',(0.608561596252,-0.687800954481));
#673 = CARTESIAN_POINT('',(0.635980019404,-0.662523823075));
#674 = CARTESIAN_POINT('',(0.661231447703,-0.636250820748));
#675 = CARTESIAN_POINT('',(0.725068523827,-0.561572470611));
#676 = CARTESIAN_POINT('',(0.759451077571,-0.511346165222));
#677 = CARTESIAN_POINT('',(0.788285715762,-0.459020385147));
#678 = CARTESIAN_POINT('',(0.812269774841,-0.405066449086));
#679 = CARTESIAN_POINT('',(0.831943742131,-0.349847349064));
#680 = CARTESIAN_POINT('',(0.847727558372,-0.293661445052));
#681 = CARTESIAN_POINT('',(0.85992221177,-0.236760784882));
#682 = CARTESIAN_POINT('',(0.881926245833,-9.328846386533E-02));
#683 = CARTESIAN_POINT('',(0.887494572637,-6.10639400324E-03));
#684 = CARTESIAN_POINT('',(0.886087349818,8.140992479264E-02));
#685 = CARTESIAN_POINT('',(0.87783893542,0.168630098302));
#686 = CARTESIAN_POINT('',(0.862381394867,0.254909369412));
#687 = CARTESIAN_POINT('',(0.838953617094,0.339514205538));
#688 = CARTESIAN_POINT('',(0.806022477969,0.421463101097));
#689 = CARTESIAN_POINT('',(0.739267976525,0.538160578813));
#690 = CARTESIAN_POINT('',(0.714123703689,0.576022079493));
#691 = CARTESIAN_POINT('',(0.685828070868,0.612659424364));
#692 = CARTESIAN_POINT('',(0.654092289556,0.647853422075));
#693 = CARTESIAN_POINT('',(0.618603615893,0.681347316493));
#694 = CARTESIAN_POINT('',(0.579054728949,0.712835342691));
#695 = CARTESIAN_POINT('',(0.535215741114,0.741961671199));
#696 = CARTESIAN_POINT('',(0.438920938625,0.794731733099));
#697 = CARTESIAN_POINT('',(0.3864651939,0.818375527931));
#698 = CARTESIAN_POINT('',(0.329679763191,0.838898437243));
#699 = CARTESIAN_POINT('',(0.268760521933,0.855899003882));
#700 = CARTESIAN_POINT('',(0.204196169474,0.868977960251));
#701 = CARTESIAN_POINT('',(0.137004155257,0.877804433423));
#702 = CARTESIAN_POINT('',(6.850217060694E-02,0.882217880648));
#703 = CARTESIAN_POINT('',(2.976239776791E-16,0.882217880648));
#704 = ( GEOMETRIC_REPRESENTATION_CONTEXT(2) 
PARAMETRIC_REPRESENTATION_CONTEXT() REPRESENTATION_CONTEXT('2D SPACE',''
  ) );
#705 = FACE_BOUND('',#706,.F.);
#706 = EDGE_LOOP('',(#707,#779));
#707 = ORIENTED_EDGE('',*,*,#708,.F.);
#708 = EDGE_CURVE('',#709,#711,#713,.T.);
#709 = VERTEX_POINT('',#710);
#710 = CARTESIAN_POINT('',(-27.50251249937,-12.98492500377,
    16.99748750063));
#711 = VERTEX_POINT('',#712);
#712 = CARTESIAN_POINT('',(-27.50251249937,-12.98492500377,
    8.972362506926));
#713 = SURFACE_CURVE('',#714,(#719,#726),.PCURVE_S1.);
#714 = CIRCLE('',#715,4.012562496852);
#715 = AXIS2_PLACEMENT_3D('',#716,#717,#718);
#716 = CARTESIAN_POINT('',(-27.50251249937,-12.98492500377,
    12.984925003778));
#717 = DIRECTION('',(1.,0.,-0.));
#718 = DIRECTION('',(0.,0.,1.));
#719 = PCURVE('',#32,#720);
#720 = DEFINITIONAL_REPRESENTATION('',(#721),#725);
#721 = CIRCLE('',#722,4.012562496852);
#722 = AXIS2_PLACEMENT_2D('',#723,#724);
#723 = CARTESIAN_POINT('',(40.487437503148,-14.51758749559));
#724 = DIRECTION('',(1.,0.));
#725 = ( GEOMETRIC_REPRESENTATION_CONTEXT(2) 
PARAMETRIC_REPRESENTATION_CONTEXT() REPRESENTATION_CONTEXT('2D SPACE',''
  ) );
#726 = PCURVE('',#727,#732);
#727 = SPHERICAL_SURFACE('',#728,5.196609388381);
#728 = AXIS2_PLACEMENT_3D('',#729,#730,#731);
#729 = CARTESIAN_POINT('',(-30.8046468613,-12.98492500377,
    12.984925003778));
#730 = DIRECTION('',(0.,0.,1.));
#731 = DIRECTION('',(1.,0.,-0.));
#732 = DEFINITIONAL_REPRESENTATION('',(#733),#778);
#733 = B_SPLINE_CURVE_WITH_KNOTS('',8,(#734,#735,#736,#737,#738,#739,
    #740,#741,#742,#743,#744,#745,#746,#747,#748,#749,#750,#751,#752,
    #753,#754,#755,#756,#757,#758,#759,#760,#761,#762,#763,#764,#765,
    #766,#767,#768,#769,#770,#771,#772,#773,#774,#775,#776,#777),
  .UNSPECIFIED.,.F.,.F.,(9,7,7,7,7,7,9),(0.,0.392699081699,
    0.736310778185,1.337631247036,2.239611950313,2.690602301951,
    3.14159265359),.UNSPECIFIED.);
#734 = CARTESIAN_POINT('',(6.28318530718,0.882217880648));
#735 = CARTESIAN_POINT('',(6.223537158624,0.882217880648));
#736 = CARTESIAN_POINT('',(6.163889051752,0.878871610788));
#737 = CARTESIAN_POINT('',(6.105106422382,0.872179224225));
#738 = CARTESIAN_POINT('',(6.048056341579,0.862233438393));
#739 = CARTESIAN_POINT('',(5.993462162964,0.849223059575));
#740 = CARTESIAN_POINT('',(5.941770316098,0.833391676128));
#741 = CARTESIAN_POINT('',(5.893225445866,0.814998585715));
#742 = CARTESIAN_POINT('',(5.808269308018,0.776189939961));
#743 = CARTESIAN_POINT('',(5.771099751558,0.756314493637));
#744 = CARTESIAN_POINT('',(5.736466920223,0.734846687113));
#745 = CARTESIAN_POINT('',(5.704338052858,0.711956077837));
#746 = CARTESIAN_POINT('',(5.674623710927,0.687800954481));
#747 = CARTESIAN_POINT('',(5.647205287776,0.662523823075));
#748 = CARTESIAN_POINT('',(5.621953859477,0.636250820748));
#749 = CARTESIAN_POINT('',(5.558116783353,0.561572470611));
#750 = CARTESIAN_POINT('',(5.523734229609,0.511346165221));
#751 = CARTESIAN_POINT('',(5.494899591417,0.459020385147));
#752 = CARTESIAN_POINT('',(5.47091553234,0.405066449086));
#753 = CARTESIAN_POINT('',(5.451241565048,0.349847349062));
#754 = CARTESIAN_POINT('',(5.435457748808,0.293661445052));
#755 = CARTESIAN_POINT('',(5.423263095409,0.236760784882));
#756 = CARTESIAN_POINT('',(5.401259061346,9.328846386533E-02));
#757 = CARTESIAN_POINT('',(5.395690734543,6.106394002813E-03));
#758 = CARTESIAN_POINT('',(5.397097957363,-8.140992479116E-02));
#759 = CARTESIAN_POINT('',(5.405346371761,-0.168630098304));
#760 = CARTESIAN_POINT('',(5.420803912314,-0.25490936941));
#761 = CARTESIAN_POINT('',(5.444231690085,-0.339514205538));
#762 = CARTESIAN_POINT('',(5.477162829211,-0.421463101097));
#763 = CARTESIAN_POINT('',(5.543917330655,-0.538160578813));
#764 = CARTESIAN_POINT('',(5.56906160349,-0.576022079493));
#765 = CARTESIAN_POINT('',(5.597357236312,-0.612659424364));
#766 = CARTESIAN_POINT('',(5.629093017624,-0.647853422075));
#767 = CARTESIAN_POINT('',(5.664581691287,-0.681347316493));
#768 = CARTESIAN_POINT('',(5.704130578231,-0.712835342691));
#769 = CARTESIAN_POINT('',(5.747969566066,-0.741961671199));
#770 = CARTESIAN_POINT('',(5.844264368555,-0.794731733099));
#771 = CARTESIAN_POINT('',(5.89672011328,-0.818375527931));
#772 = CARTESIAN_POINT('',(5.953505543986,-0.838898437243));
#773 = CARTESIAN_POINT('',(6.014424785249,-0.855899003879));
#774 = CARTESIAN_POINT('',(6.078989137703,-0.868977960249));
#775 = CARTESIAN_POINT('',(6.146181151924,-0.877804433422));
#776 = CARTESIAN_POINT('',(6.214683136573,-0.882217880648));
#777 = CARTESIAN_POINT('',(6.28318530718,-0.882217880648));
#778 = ( GEOMETRIC_REPRESENTATION_CONTEXT(2) 
PARAMETRIC_REPRESENTATION_CONTEXT() REPRESENTATION_CONTEXT('2D SPACE',''
  ) );
#779 = ORIENTED_EDGE('',*,*,#780,.F.);
#780 = EDGE_CURVE('',#711,#709,#781,.T.);
#781 = SURFACE_CURVE('',#782,(#787,#794),.PCURVE_S1.);
#782 = CIRCLE('',#783,4.012562496852);
#783 = AXIS2_PLACEMENT_3D('',#784,#785,#786);
#784 = CARTESIAN_POINT('',(-27.50251249937,-12.98492500377,
    12.984925003778));
#785 = DIRECTION('',(1.,0.,-0.));
#786 = DIRECTION('',(0.,0.,1.));
#787 = PCURVE('',#32,#788);
#788 = DEFINITIONAL_REPRESENTATION('',(#789),#793);
#789 = CIRCLE('',#790,4.012562496852);
#790 = AXIS2_PLACEMENT_2D('',#791,#792);
#791 = CARTESIAN_POINT('',(40.487437503148,-14.51758749559));
#792 = DIRECTION('',(1.,0.));
#793 = ( GEOMETRIC_REPRESENTATION_CONTEXT(2) 
PARAMETRIC_REPRESENTATION_CONTEXT() REPRESENTATION_CONTEXT('2D SPACE',''
  ) );
#794 = PCURVE('',#795,#800);
#795 = SPHERICAL_SURFACE('',#796,5.196609388381);
#796 = AXIS2_PLACEMENT_3D('',#797,#798,#799);
#797 = CARTESIAN_POINT('',(-30.8046468613,-12.98492500377,
    12.984925003778));
#798 = DIRECTION('',(0.,0.,1.));
#799 = DIRECTION('',(1.,0.,-0.));
#800 = DEFINITIONAL_REPRESENTATION('',(#801),#846);
#801 = B_SPLINE_CURVE_WITH_KNOTS('',8,(#802,#803,#804,#805,#806,#807,
    #808,#809,#810,#811,#812,#813,#814,#815,#816,#817,#818,#819,#820,
    #821,#822,#823,#824,#825,#826,#827,#828,#829,#830,#831,#832,#833,
    #834,#835,#836,#837,#838,#839,#840,#841,#842,#843,#844,#845),
  .UNSPECIFIED.,.F.,.F.,(9,7,7,7,7,7,9),(3.14159265359,3.534291735289,
    3.877903431775,4.479223900626,5.381204603903,5.832194955541,
    6.28318530718),.UNSPECIFIED.);
#802 = CARTESIAN_POINT('',(0.,-0.882217880648));
#803 = CARTESIAN_POINT('',(5.96481485557E-02,-0.882217880648));
#804 = CARTESIAN_POINT('',(0.119296255428,-0.878871610788));
#805 = CARTESIAN_POINT('',(0.178078884797,-0.87217922423));
#806 = CARTESIAN_POINT('',(0.2351289656,-0.862233438388));
#807 = CARTESIAN_POINT('',(0.289723144215,-0.849223059582));
#808 = CARTESIAN_POINT('',(0.341414991081,-0.833391676128));
#809 = CARTESIAN_POINT('',(0.389959861314,-0.814998585715));
#810 = CARTESIAN_POINT('',(0.474915999161,-0.776189939961));
#811 = CARTESIAN_POINT('',(0.512085555621,-0.756314493637));
#812 = CARTESIAN_POINT('',(0.546718386957,-0.734846687113));
#813 = CARTESIAN_POINT('',(0.578847254321,-0.711956077837));
#814 = CARTESIAN_POINT('',(0.608561596252,-0.687800954481));
#815 = CARTESIAN_POINT('',(0.635980019404,-0.662523823075));
#816 = CARTESIAN_POINT('',(0.661231447703,-0.636250820748));
#817 = CARTESIAN_POINT('',(0.725068523827,-0.561572470611));
#818 = CARTESIAN_POINT('',(0.75945107757,-0.511346165222));
#819 = CARTESIAN_POINT('',(0.788285715765,-0.459020385145));
#820 = CARTESIAN_POINT('',(0.812269774837,-0.405066449089));
#821 = CARTESIAN_POINT('',(0.831943742134,-0.349847349061));
#822 = CARTESIAN_POINT('',(0.847727558371,-0.293661445053));
#823 = CARTESIAN_POINT('',(0.85992221177,-0.236760784882));
#824 = CARTESIAN_POINT('',(0.881926245833,-9.328846386533E-02));
#825 = CARTESIAN_POINT('',(0.887494572637,-6.106394003098E-03));
#826 = CARTESIAN_POINT('',(0.886087349817,8.14099247923E-02));
#827 = CARTESIAN_POINT('',(0.877838935421,0.168630098302));
#828 = CARTESIAN_POINT('',(0.862381394867,0.254909369411));
#829 = CARTESIAN_POINT('',(0.838953617095,0.339514205538));
#830 = CARTESIAN_POINT('',(0.806022477969,0.421463101097));
#831 = CARTESIAN_POINT('',(0.739267976525,0.538160578813));
#832 = CARTESIAN_POINT('',(0.714123703689,0.576022079493));
#833 = CARTESIAN_POINT('',(0.685828070867,0.612659424364));
#834 = CARTESIAN_POINT('',(0.654092289556,0.647853422075));
#835 = CARTESIAN_POINT('',(0.618603615893,0.681347316493));
#836 = CARTESIAN_POINT('',(0.579054728949,0.712835342691));
#837 = CARTESIAN_POINT('',(0.535215741114,0.741961671199));
#838 = CARTESIAN_POINT('',(0.438920938625,0.794731733099));
#839 = CARTESIAN_POINT('',(0.386465193899,0.818375527933));
#840 = CARTESIAN_POINT('',(0.329679763195,0.838898437239));
#841 = CARTESIAN_POINT('',(0.268760521931,0.85589900389));
#842 = CARTESIAN_POINT('',(0.204196169477,0.868977960245));
#843 = CARTESIAN_POINT('',(0.137004155256,0.877804433424));
#844 = CARTESIAN_POINT('',(6.850217060694E-02,0.882217880648));
#845 = CARTESIAN_POINT('',(5.379420231586E-16,0.882217880648));
#846 = ( GEOMETRIC_REPRESENTATION_CONTEXT(2) 
PARAMETRIC_REPRESENTATION_CONTEXT() REPRESENTATION_CONTEXT('2D SPACE',''
  ) );
#847 = ADVANCED_FACE('',(#848),#44,.T.);
#848 = FACE_BOUND('',#849,.T.);
#849 = EDGE_LOOP('',(#850,#851,#880,#908));
#850 = ORIENTED_EDGE('',*,*,#21,.F.);
#851 = ORIENTED_EDGE('',*,*,#852,.T.);
#852 = EDGE_CURVE('',#22,#853,#855,.T.);
#853 = VERTEX_POINT('',#854);
#854 = CARTESIAN_POINT('',(-19.47738750566,-27.50251249937,
    -19.47738750566));
#855 = SURFACE_CURVE('',#856,(#861,#868),.PCURVE_S1.);
#856 = CIRCLE('',#857,8.025124993703);
#857 = AXIS2_PLACEMENT_3D('',#858,#859,#860);
#858 = CARTESIAN_POINT('',(-19.47738750566,-19.47738750566,
    -19.47738750566));
#859 = DIRECTION('',(0.,0.,1.));
#860 = DIRECTION('',(-1.,0.,0.));
#861 = PCURVE('',#44,#862);
#862 = DEFINITIONAL_REPRESENTATION('',(#863),#867);
#863 = LINE('',#864,#865);
#864 = CARTESIAN_POINT('',(0.,8.025124993703));
#865 = VECTOR('',#866,1.);
#866 = DIRECTION('',(1.,0.));
#867 = ( GEOMETRIC_REPRESENTATION_CONTEXT(2) 
PARAMETRIC_REPRESENTATION_CONTEXT() REPRESENTATION_CONTEXT('2D SPACE',''
  ) );
#868 = PCURVE('',#869,#874);
#869 = SPHERICAL_SURFACE('',#870,8.025124993703);
#870 = AXIS2_PLACEMENT_3D('',#871,#872,#873);
#871 = CARTESIAN_POINT('',(-19.47738750566,-19.47738750566,
    -19.47738750566));
#872 = DIRECTION('',(0.,0.,1.));
#873 = DIRECTION('',(-1.,0.,0.));
#874 = DEFINITIONAL_REPRESENTATION('',(#875),#879);
#875 = LINE('',#876,#877);
#876 = CARTESIAN_POINT('',(0.,0.));
#877 = VECTOR('',#878,1.);
#878 = DIRECTION('',(1.,0.));
#879 = ( GEOMETRIC_REPRESENTATION_CONTEXT(2) 
PARAMETRIC_REPRESENTATION_CONTEXT() REPRESENTATION_CONTEXT('2D SPACE',''
  ) );
#880 = ORIENTED_EDGE('',*,*,#881,.T.);
#881 = EDGE_CURVE('',#853,#882,#884,.T.);
#882 = VERTEX_POINT('',#883);
#883 = CARTESIAN_POINT('',(-19.47738750566,-27.50251249937,
    19.477387505667));
#884 = SURFACE_CURVE('',#885,(#889,#896),.PCURVE_S1.);
#885 = LINE('',#886,#887);
#886 = CARTESIAN_POINT('',(-19.47738750566,-27.50251249937,
    -27.50251249937));
#887 = VECTOR('',#888,1.);
#888 = DIRECTION('',(0.,0.,1.));
#889 = PCURVE('',#44,#890);
#890 = DEFINITIONAL_REPRESENTATION('',(#891),#895);
#891 = LINE('',#892,#893);
#892 = CARTESIAN_POINT('',(1.570796326795,0.));
#893 = VECTOR('',#894,1.);
#894 = DIRECTION('',(0.,1.));
#895 = ( GEOMETRIC_REPRESENTATION_CONTEXT(2) 
PARAMETRIC_REPRESENTATION_CONTEXT() REPRESENTATION_CONTEXT('2D SPACE',''
  ) );
#896 = PCURVE('',#897,#902);
#897 = PLANE('',#898);
#898 = AXIS2_PLACEMENT_3D('',#899,#900,#901);
#899 = CARTESIAN_POINT('',(-27.50251249937,-27.50251249937,
    -27.50251249937));
#900 = DIRECTION('',(-0.,1.,0.));
#901 = DIRECTION('',(0.,0.,1.));
#902 = DEFINITIONAL_REPRESENTATION('',(#903),#907);
#903 = LINE('',#904,#905);
#904 = CARTESIAN_POINT('',(0.,8.025124993703));
#905 = VECTOR('',#906,1.);
#906 = DIRECTION('',(1.,0.));
#907 = ( GEOMETRIC_REPRESENTATION_CONTEXT(2) 
PARAMETRIC_REPRESENTATION_CONTEXT() REPRESENTATION_CONTEXT('2D SPACE',''
  ) );
#908 = ORIENTED_EDGE('',*,*,#909,.F.);
#909 = EDGE_CURVE('',#24,#882,#910,.T.);
#910 = SURFACE_CURVE('',#911,(#916,#923),.PCURVE_S1.);
#911 = CIRCLE('',#912,8.025124993703);
#912 = AXIS2_PLACEMENT_3D('',#913,#914,#915);
#913 = CARTESIAN_POINT('',(-19.47738750566,-19.47738750566,
    19.477387505667));
#914 = DIRECTION('',(0.,0.,1.));
#915 = DIRECTION('',(-1.,0.,0.));
#916 = PCURVE('',#44,#917);
#917 = DEFINITIONAL_REPRESENTATION('',(#918),#922);
#918 = LINE('',#919,#920);
#919 = CARTESIAN_POINT('',(0.,46.979900005037));
#920 = VECTOR('',#921,1.);
#921 = DIRECTION('',(1.,0.));
#922 = ( GEOMETRIC_REPRESENTATION_CONTEXT(2) 
PARAMETRIC_REPRESENTATION_CONTEXT() REPRESENTATION_CONTEXT('2D SPACE',''
  ) );
#923 = PCURVE('',#924,#929);
#924 = SPHERICAL_SURFACE('',#925,8.025124993703);
#925 = AXIS2_PLACEMENT_3D('',#926,#927,#928);
#926 = CARTESIAN_POINT('',(-19.47738750566,-19.47738750566,
    19.477387505667));
#927 = DIRECTION('',(-0.,-0.,-1.));
#928 = DIRECTION('',(-1.,0.,0.));
#929 = DEFINITIONAL_REPRESENTATION('',(#930),#934);
#930 = LINE('',#931,#932);
#931 = CARTESIAN_POINT('',(-0.,0.));
#932 = VECTOR('',#933,1.);
#933 = DIRECTION('',(-1.,0.));
#934 = ( GEOMETRIC_REPRESENTATION_CONTEXT(2) 
PARAMETRIC_REPRESENTATION_CONTEXT() REPRESENTATION_CONTEXT('2D SPACE',''
  ) );
#935 = ADVANCED_FACE('',(#936),#72,.T.);
#936 = FACE_BOUND('',#937,.F.);
#937 = EDGE_LOOP('',(#938,#960,#988,#1013));
#938 = ORIENTED_EDGE('',*,*,#939,.F.);
#939 = EDGE_CURVE('',#940,#22,#942,.T.);
#940 = VERTEX_POINT('',#941);
#941 = CARTESIAN_POINT('',(-19.47738750566,-19.47738750566,
    -27.50251249937));
#942 = SURFACE_CURVE('',#943,(#948,#954),.PCURVE_S1.);
#943 = CIRCLE('',#944,8.025124993703);
#944 = AXIS2_PLACEMENT_3D('',#945,#946,#947);
#945 = CARTESIAN_POINT('',(-19.47738750566,-19.47738750566,
    -19.47738750566));
#946 = DIRECTION('',(0.,1.,-0.));
#947 = DIRECTION('',(-1.,0.,0.));
#948 = PCURVE('',#72,#949);
#949 = DEFINITIONAL_REPRESENTATION('',(#950),#953);
#950 = B_SPLINE_CURVE_WITH_KNOTS('',1,(#951,#952),.UNSPECIFIED.,.F.,.F.,
  (2,2),(4.712388980385,6.28318530718),.PIECEWISE_BEZIER_KNOTS.);
#951 = CARTESIAN_POINT('',(-1.570796326795,8.025124993703));
#952 = CARTESIAN_POINT('',(0.,8.025124993703));
#953 = ( GEOMETRIC_REPRESENTATION_CONTEXT(2) 
PARAMETRIC_REPRESENTATION_CONTEXT() REPRESENTATION_CONTEXT('2D SPACE',''
  ) );
#954 = PCURVE('',#869,#955);
#955 = DEFINITIONAL_REPRESENTATION('',(#956),#959);
#956 = B_SPLINE_CURVE_WITH_KNOTS('',1,(#957,#958),.UNSPECIFIED.,.F.,.F.,
  (2,2),(4.712388980385,6.28318530718),.PIECEWISE_BEZIER_KNOTS.);
#957 = CARTESIAN_POINT('',(0.,-1.570796326795));
#958 = CARTESIAN_POINT('',(0.,0.));
#959 = ( GEOMETRIC_REPRESENTATION_CONTEXT(2) 
PARAMETRIC_REPRESENTATION_CONTEXT() REPRESENTATION_CONTEXT('2D SPACE',''
  ) );
#960 = ORIENTED_EDGE('',*,*,#961,.T.);
#961 = EDGE_CURVE('',#940,#962,#964,.T.);
#962 = VERTEX_POINT('',#963);
#963 = CARTESIAN_POINT('',(-19.47738750566,19.477387505667,
    -27.50251249937));
#964 = SURFACE_CURVE('',#965,(#969,#976),.PCURVE_S1.);
#965 = LINE('',#966,#967);
#966 = CARTESIAN_POINT('',(-19.47738750566,-27.50251249937,
    -27.50251249937));
#967 = VECTOR('',#968,1.);
#968 = DIRECTION('',(-0.,1.,0.));
#969 = PCURVE('',#72,#970);
#970 = DEFINITIONAL_REPRESENTATION('',(#971),#975);
#971 = LINE('',#972,#973);
#972 = CARTESIAN_POINT('',(-1.570796326795,0.));
#973 = VECTOR('',#974,1.);
#974 = DIRECTION('',(-0.,1.));
#975 = ( GEOMETRIC_REPRESENTATION_CONTEXT(2) 
PARAMETRIC_REPRESENTATION_CONTEXT() REPRESENTATION_CONTEXT('2D SPACE',''
  ) );
#976 = PCURVE('',#977,#982);
#977 = PLANE('',#978);
#978 = AXIS2_PLACEMENT_3D('',#979,#980,#981);
#979 = CARTESIAN_POINT('',(-27.50251249937,-27.50251249937,
    -27.50251249937));
#980 = DIRECTION('',(0.,0.,1.));
#981 = DIRECTION('',(1.,0.,-0.));
#982 = DEFINITIONAL_REPRESENTATION('',(#983),#987);
#983 = LINE('',#984,#985);
#984 = CARTESIAN_POINT('',(8.025124993703,0.));
#985 = VECTOR('',#986,1.);
#986 = DIRECTION('',(0.,1.));
#987 = ( GEOMETRIC_REPRESENTATION_CONTEXT(2) 
PARAMETRIC_REPRESENTATION_CONTEXT() REPRESENTATION_CONTEXT('2D SPACE',''
  ) );
#988 = ORIENTED_EDGE('',*,*,#989,.T.);
#989 = EDGE_CURVE('',#962,#57,#990,.T.);
#990 = SURFACE_CURVE('',#991,(#996,#1002),.PCURVE_S1.);
#991 = CIRCLE('',#992,8.025124993703);
#992 = AXIS2_PLACEMENT_3D('',#993,#994,#995);
#993 = CARTESIAN_POINT('',(-19.47738750566,19.477387505667,
    -19.47738750566));
#994 = DIRECTION('',(0.,1.,-0.));
#995 = DIRECTION('',(-1.,0.,0.));
#996 = PCURVE('',#72,#997);
#997 = DEFINITIONAL_REPRESENTATION('',(#998),#1001);
#998 = B_SPLINE_CURVE_WITH_KNOTS('',1,(#999,#1000),.UNSPECIFIED.,.F.,.F.
  ,(2,2),(4.712388980385,6.28318530718),.PIECEWISE_BEZIER_KNOTS.);
#999 = CARTESIAN_POINT('',(-1.570796326795,46.979900005037));
#1000 = CARTESIAN_POINT('',(0.,46.979900005037));
#1001 = ( GEOMETRIC_REPRESENTATION_CONTEXT(2) 
PARAMETRIC_REPRESENTATION_CONTEXT() REPRESENTATION_CONTEXT('2D SPACE',''
  ) );
#1002 = PCURVE('',#1003,#1008);
#1003 = SPHERICAL_SURFACE('',#1004,8.025124993703);
#1004 = AXIS2_PLACEMENT_3D('',#1005,#1006,#1007);
#1005 = CARTESIAN_POINT('',(-19.47738750566,19.477387505667,
    -19.47738750566));
#1006 = DIRECTION('',(0.,0.,1.));
#1007 = DIRECTION('',(-1.,0.,0.));
#1008 = DEFINITIONAL_REPRESENTATION('',(#1009),#1012);
#1009 = B_SPLINE_CURVE_WITH_KNOTS('',1,(#1010,#1011),.UNSPECIFIED.,.F.,
  .F.,(2,2),(4.712388980385,6.28318530718),.PIECEWISE_BEZIER_KNOTS.);
#1010 = CARTESIAN_POINT('',(0.,-1.570796326795));
#1011 = CARTESIAN_POINT('',(0.,0.));
#1012 = ( GEOMETRIC_REPRESENTATION_CONTEXT(2) 
PARAMETRIC_REPRESENTATION_CONTEXT() REPRESENTATION_CONTEXT('2D SPACE',''
  ) );
#1013 = ORIENTED_EDGE('',*,*,#56,.F.);
#1014 = ADVANCED_FACE('',(#1015),#126,.T.);
#1015 = FACE_BOUND('',#1016,.T.);
#1016 = EDGE_LOOP('',(#1017,#1039,#1067,#1094));
#1017 = ORIENTED_EDGE('',*,*,#1018,.F.);
#1018 = EDGE_CURVE('',#1019,#24,#1021,.T.);
#1019 = VERTEX_POINT('',#1020);
#1020 = CARTESIAN_POINT('',(-19.47738750566,-19.47738750566,
    27.50251249937));
#1021 = SURFACE_CURVE('',#1022,(#1027,#1033),.PCURVE_S1.);
#1022 = CIRCLE('',#1023,8.025124993703);
#1023 = AXIS2_PLACEMENT_3D('',#1024,#1025,#1026);
#1024 = CARTESIAN_POINT('',(-19.47738750566,-19.47738750566,
    19.477387505667));
#1025 = DIRECTION('',(0.,-1.,0.));
#1026 = DIRECTION('',(-1.,0.,0.));
#1027 = PCURVE('',#126,#1028);
#1028 = DEFINITIONAL_REPRESENTATION('',(#1029),#1032);
#1029 = B_SPLINE_CURVE_WITH_KNOTS('',1,(#1030,#1031),.UNSPECIFIED.,.F.,
  .F.,(2,2),(4.712388980385,6.28318530718),.PIECEWISE_BEZIER_KNOTS.);
#1030 = CARTESIAN_POINT('',(1.570796326795,8.025124993703));
#1031 = CARTESIAN_POINT('',(0.,8.025124993703));
#1032 = ( GEOMETRIC_REPRESENTATION_CONTEXT(2) 
PARAMETRIC_REPRESENTATION_CONTEXT() REPRESENTATION_CONTEXT('2D SPACE',''
  ) );
#1033 = PCURVE('',#924,#1034);
#1034 = DEFINITIONAL_REPRESENTATION('',(#1035),#1038);
#1035 = B_SPLINE_CURVE_WITH_KNOTS('',1,(#1036,#1037),.UNSPECIFIED.,.F.,
  .F.,(2,2),(4.712388980385,6.28318530718),.PIECEWISE_BEZIER_KNOTS.);
#1036 = CARTESIAN_POINT('',(0.,-1.570796326795));
#1037 = CARTESIAN_POINT('',(0.,0.));
#1038 = ( GEOMETRIC_REPRESENTATION_CONTEXT(2) 
PARAMETRIC_REPRESENTATION_CONTEXT() REPRESENTATION_CONTEXT('2D SPACE',''
  ) );
#1039 = ORIENTED_EDGE('',*,*,#1040,.T.);
#1040 = EDGE_CURVE('',#1019,#1041,#1043,.T.);
#1041 = VERTEX_POINT('',#1042);
#1042 = CARTESIAN_POINT('',(-19.47738750566,19.477387505667,
    27.50251249937));
#1043 = SURFACE_CURVE('',#1044,(#1048,#1055),.PCURVE_S1.);
#1044 = LINE('',#1045,#1046);
#1045 = CARTESIAN_POINT('',(-19.47738750566,-27.50251249937,
    27.50251249937));
#1046 = VECTOR('',#1047,1.);
#1047 = DIRECTION('',(-0.,1.,0.));
#1048 = PCURVE('',#126,#1049);
#1049 = DEFINITIONAL_REPRESENTATION('',(#1050),#1054);
#1050 = LINE('',#1051,#1052);
#1051 = CARTESIAN_POINT('',(1.570796326795,0.));
#1052 = VECTOR('',#1053,1.);
#1053 = DIRECTION('',(0.,1.));
#1054 = ( GEOMETRIC_REPRESENTATION_CONTEXT(2) 
PARAMETRIC_REPRESENTATION_CONTEXT() REPRESENTATION_CONTEXT('2D SPACE',''
  ) );
#1055 = PCURVE('',#1056,#1061);
#1056 = PLANE('',#1057);
#1057 = AXIS2_PLACEMENT_3D('',#1058,#1059,#1060);
#1058 = CARTESIAN_POINT('',(-27.50251249937,-27.50251249937,
    27.50251249937));
#1059 = DIRECTION('',(0.,0.,1.));
#1060 = DIRECTION('',(1.,0.,-0.));
#1061 = DEFINITIONAL_REPRESENTATION('',(#1062),#1066);
#1062 = LINE('',#1063,#1064);
#1063 = CARTESIAN_POINT('',(8.025124993703,0.));
#1064 = VECTOR('',#1065,1.);
#1065 = DIRECTION('',(0.,1.));
#1066 = ( GEOMETRIC_REPRESENTATION_CONTEXT(2) 
PARAMETRIC_REPRESENTATION_CONTEXT() REPRESENTATION_CONTEXT('2D SPACE',''
  ) );
#1067 = ORIENTED_EDGE('',*,*,#1068,.F.);
#1068 = EDGE_CURVE('',#85,#1041,#1069,.T.);
#1069 = SURFACE_CURVE('',#1070,(#1075,#1082),.PCURVE_S1.);
#1070 = CIRCLE('',#1071,8.025124993703);
#1071 = AXIS2_PLACEMENT_3D('',#1072,#1073,#1074);
#1072 = CARTESIAN_POINT('',(-19.47738750566,19.477387505667,
    19.477387505667));
#1073 = DIRECTION('',(-0.,1.,0.));
#1074 = DIRECTION('',(-1.,-0.,0.));
#1075 = PCURVE('',#126,#1076);
#1076 = DEFINITIONAL_REPRESENTATION('',(#1077),#1081);
#1077 = LINE('',#1078,#1079);
#1078 = CARTESIAN_POINT('',(0.,46.979900005037));
#1079 = VECTOR('',#1080,1.);
#1080 = DIRECTION('',(1.,0.));
#1081 = ( GEOMETRIC_REPRESENTATION_CONTEXT(2) 
PARAMETRIC_REPRESENTATION_CONTEXT() REPRESENTATION_CONTEXT('2D SPACE',''
  ) );
#1082 = PCURVE('',#1083,#1088);
#1083 = SPHERICAL_SURFACE('',#1084,8.025124993703);
#1084 = AXIS2_PLACEMENT_3D('',#1085,#1086,#1087);
#1085 = CARTESIAN_POINT('',(-19.47738750566,19.477387505667,
    19.477387505667));
#1086 = DIRECTION('',(0.,-1.,-0.));
#1087 = DIRECTION('',(-1.,-0.,0.));
#1088 = DEFINITIONAL_REPRESENTATION('',(#1089),#1093);
#1089 = LINE('',#1090,#1091);
#1090 = CARTESIAN_POINT('',(-0.,0.));
#1091 = VECTOR('',#1092,1.);
#1092 = DIRECTION('',(-1.,0.));
#1093 = ( GEOMETRIC_REPRESENTATION_CONTEXT(2) 
PARAMETRIC_REPRESENTATION_CONTEXT() REPRESENTATION_CONTEXT('2D SPACE',''
  ) );
#1094 = ORIENTED_EDGE('',*,*,#112,.F.);
#1095 = ADVANCED_FACE('',(#1096),#100,.T.);
#1096 = FACE_BOUND('',#1097,.F.);
#1097 = EDGE_LOOP('',(#1098,#1099,#1123,#1151));
#1098 = ORIENTED_EDGE('',*,*,#84,.F.);
#1099 = ORIENTED_EDGE('',*,*,#1100,.T.);
#1100 = EDGE_CURVE('',#57,#1101,#1103,.T.);
#1101 = VERTEX_POINT('',#1102);
#1102 = CARTESIAN_POINT('',(-19.47738750566,27.50251249937,
    -19.47738750566));
#1103 = SURFACE_CURVE('',#1104,(#1109,#1116),.PCURVE_S1.);
#1104 = CIRCLE('',#1105,8.025124993703);
#1105 = AXIS2_PLACEMENT_3D('',#1106,#1107,#1108);
#1106 = CARTESIAN_POINT('',(-19.47738750566,19.477387505667,
    -19.47738750566));
#1107 = DIRECTION('',(-0.,0.,-1.));
#1108 = DIRECTION('',(-1.,0.,0.));
#1109 = PCURVE('',#100,#1110);
#1110 = DEFINITIONAL_REPRESENTATION('',(#1111),#1115);
#1111 = LINE('',#1112,#1113);
#1112 = CARTESIAN_POINT('',(-0.,8.025124993703));
#1113 = VECTOR('',#1114,1.);
#1114 = DIRECTION('',(-1.,0.));
#1115 = ( GEOMETRIC_REPRESENTATION_CONTEXT(2) 
PARAMETRIC_REPRESENTATION_CONTEXT() REPRESENTATION_CONTEXT('2D SPACE',''
  ) );
#1116 = PCURVE('',#1003,#1117);
#1117 = DEFINITIONAL_REPRESENTATION('',(#1118),#1122);
#1118 = LINE('',#1119,#1120);
#1119 = CARTESIAN_POINT('',(-0.,0.));
#1120 = VECTOR('',#1121,1.);
#1121 = DIRECTION('',(-1.,0.));
#1122 = ( GEOMETRIC_REPRESENTATION_CONTEXT(2) 
PARAMETRIC_REPRESENTATION_CONTEXT() REPRESENTATION_CONTEXT('2D SPACE',''
  ) );
#1123 = ORIENTED_EDGE('',*,*,#1124,.T.);
#1124 = EDGE_CURVE('',#1101,#1125,#1127,.T.);
#1125 = VERTEX_POINT('',#1126);
#1126 = CARTESIAN_POINT('',(-19.47738750566,27.50251249937,
    19.477387505667));
#1127 = SURFACE_CURVE('',#1128,(#1132,#1139),.PCURVE_S1.);
#1128 = LINE('',#1129,#1130);
#1129 = CARTESIAN_POINT('',(-19.47738750566,27.50251249937,
    -27.50251249937));
#1130 = VECTOR('',#1131,1.);
#1131 = DIRECTION('',(0.,0.,1.));
#1132 = PCURVE('',#100,#1133);
#1133 = DEFINITIONAL_REPRESENTATION('',(#1134),#1138);
#1134 = LINE('',#1135,#1136);
#1135 = CARTESIAN_POINT('',(-1.570796326795,0.));
#1136 = VECTOR('',#1137,1.);
#1137 = DIRECTION('',(-0.,1.));
#1138 = ( GEOMETRIC_REPRESENTATION_CONTEXT(2) 
PARAMETRIC_REPRESENTATION_CONTEXT() REPRESENTATION_CONTEXT('2D SPACE',''
  ) );
#1139 = PCURVE('',#1140,#1145);
#1140 = PLANE('',#1141);
#1141 = AXIS2_PLACEMENT_3D('',#1142,#1143,#1144);
#1142 = CARTESIAN_POINT('',(-27.50251249937,27.50251249937,
    -27.50251249937));
#1143 = DIRECTION('',(-0.,1.,0.));
#1144 = DIRECTION('',(0.,0.,1.));
#1145 = DEFINITIONAL_REPRESENTATION('',(#1146),#1150);
#1146 = LINE('',#1147,#1148);
#1147 = CARTESIAN_POINT('',(0.,8.025124993703));
#1148 = VECTOR('',#1149,1.);
#1149 = DIRECTION('',(1.,0.));
#1150 = ( GEOMETRIC_REPRESENTATION_CONTEXT(2) 
PARAMETRIC_REPRESENTATION_CONTEXT() REPRESENTATION_CONTEXT('2D SPACE',''
  ) );
#1151 = ORIENTED_EDGE('',*,*,#1152,.T.);
#1152 = EDGE_CURVE('',#1125,#85,#1153,.T.);
#1153 = SURFACE_CURVE('',#1154,(#1159,#1165),.PCURVE_S1.);
#1154 = CIRCLE('',#1155,8.025124993703);
#1155 = AXIS2_PLACEMENT_3D('',#1156,#1157,#1158);
#1156 = CARTESIAN_POINT('',(-19.47738750566,19.477387505667,
    19.477387505667));
#1157 = DIRECTION('',(0.,0.,1.));
#1158 = DIRECTION('',(-1.,-0.,0.));
#1159 = PCURVE('',#100,#1160);
#1160 = DEFINITIONAL_REPRESENTATION('',(#1161),#1164);
#1161 = B_SPLINE_CURVE_WITH_KNOTS('',1,(#1162,#1163),.UNSPECIFIED.,.F.,
  .F.,(2,2),(4.712388980385,6.28318530718),.PIECEWISE_BEZIER_KNOTS.);
#1162 = CARTESIAN_POINT('',(-1.570796326795,46.979900005037));
#1163 = CARTESIAN_POINT('',(0.,46.979900005037));
#1164 = ( GEOMETRIC_REPRESENTATION_CONTEXT(2) 
PARAMETRIC_REPRESENTATION_CONTEXT() REPRESENTATION_CONTEXT('2D SPACE',''
  ) );
#1165 = PCURVE('',#1083,#1166);
#1166 = DEFINITIONAL_REPRESENTATION('',(#1167),#1170);
#1167 = B_SPLINE_CURVE_WITH_KNOTS('',1,(#1168,#1169),.UNSPECIFIED.,.F.,
  .F.,(2,2),(4.712388980385,6.28318530718),.PIECEWISE_BEZIER_KNOTS.);
#1168 = CARTESIAN_POINT('',(0.,-1.570796326795));
#1169 = CARTESIAN_POINT('',(0.,0.));
#1170 = ( GEOMETRIC_REPRESENTATION_CONTEXT(2) 
PARAMETRIC_REPRESENTATION_CONTEXT() REPRESENTATION_CONTEXT('2D SPACE',''
  ) );
#1171 = ADVANCED_FACE('',(#1172),#159,.F.);
#1172 = FACE_BOUND('',#1173,.F.);
#1173 = EDGE_LOOP('',(#1174,#1196));
#1174 = ORIENTED_EDGE('',*,*,#1175,.T.);
#1175 = EDGE_CURVE('',#143,#141,#1176,.T.);
#1176 = SURFACE_CURVE('',#1177,(#1182,#1189),.PCURVE_S1.);
#1177 = CIRCLE('',#1178,5.196609388381);
#1178 = AXIS2_PLACEMENT_3D('',#1179,#1180,#1181);
#1179 = CARTESIAN_POINT('',(-30.8046468613,12.984925003778,
    -12.98492500377));
#1180 = DIRECTION('',(-2.449293598295E-16,-1.,0.));
#1181 = DIRECTION('',(1.,-2.449293598295E-16,0.));
#1182 = PCURVE('',#159,#1183);
#1183 = DEFINITIONAL_REPRESENTATION('',(#1184),#1188);
#1184 = LINE('',#1185,#1186);
#1185 = CARTESIAN_POINT('',(6.28318530718,-6.28318530718));
#1186 = VECTOR('',#1187,1.);
#1187 = DIRECTION('',(0.,1.));
#1188 = ( GEOMETRIC_REPRESENTATION_CONTEXT(2) 
PARAMETRIC_REPRESENTATION_CONTEXT() REPRESENTATION_CONTEXT('2D SPACE',''
  ) );
#1189 = PCURVE('',#227,#1190);
#1190 = DEFINITIONAL_REPRESENTATION('',(#1191),#1195);
#1191 = LINE('',#1192,#1193);
#1192 = CARTESIAN_POINT('',(0.,-6.28318530718));
#1193 = VECTOR('',#1194,1.);
#1194 = DIRECTION('',(0.,1.));
#1195 = ( GEOMETRIC_REPRESENTATION_CONTEXT(2) 
PARAMETRIC_REPRESENTATION_CONTEXT() REPRESENTATION_CONTEXT('2D SPACE',''
  ) );
#1196 = ORIENTED_EDGE('',*,*,#140,.T.);
#1197 = ADVANCED_FACE('',(#1198),#227,.F.);
#1198 = FACE_BOUND('',#1199,.F.);
#1199 = EDGE_LOOP('',(#1200,#1201));
#1200 = ORIENTED_EDGE('',*,*,#212,.T.);
#1201 = ORIENTED_EDGE('',*,*,#1175,.F.);
#1202 = ADVANCED_FACE('',(#1203),#301,.F.);
#1203 = FACE_BOUND('',#1204,.F.);
#1204 = EDGE_LOOP('',(#1205,#1227));
#1205 = ORIENTED_EDGE('',*,*,#1206,.T.);
#1206 = EDGE_CURVE('',#285,#283,#1207,.T.);
#1207 = SURFACE_CURVE('',#1208,(#1213,#1220),.PCURVE_S1.);
#1208 = CIRCLE('',#1209,5.196609388381);
#1209 = AXIS2_PLACEMENT_3D('',#1210,#1211,#1212);
#1210 = CARTESIAN_POINT('',(-30.8046468613,12.984925003778,
    12.984925003778));
#1211 = DIRECTION('',(-2.449293598295E-16,-1.,0.));
#1212 = DIRECTION('',(1.,-2.449293598295E-16,0.));
#1213 = PCURVE('',#301,#1214);
#1214 = DEFINITIONAL_REPRESENTATION('',(#1215),#1219);
#1215 = LINE('',#1216,#1217);
#1216 = CARTESIAN_POINT('',(6.28318530718,-6.28318530718));
#1217 = VECTOR('',#1218,1.);
#1218 = DIRECTION('',(0.,1.));
#1219 = ( GEOMETRIC_REPRESENTATION_CONTEXT(2) 
PARAMETRIC_REPRESENTATION_CONTEXT() REPRESENTATION_CONTEXT('2D SPACE',''
  ) );
#1220 = PCURVE('',#369,#1221);
#1221 = DEFINITIONAL_REPRESENTATION('',(#1222),#1226);
#1222 = LINE('',#1223,#1224);
#1223 = CARTESIAN_POINT('',(0.,-6.28318530718));
#1224 = VECTOR('',#1225,1.);
#1225 = DIRECTION('',(0.,1.));
#1226 = ( GEOMETRIC_REPRESENTATION_CONTEXT(2) 
PARAMETRIC_REPRESENTATION_CONTEXT() REPRESENTATION_CONTEXT('2D SPACE',''
  ) );
#1227 = ORIENTED_EDGE('',*,*,#282,.T.);
#1228 = ADVANCED_FACE('',(#1229),#369,.F.);
#1229 = FACE_BOUND('',#1230,.F.);
#1230 = EDGE_LOOP('',(#1231,#1232));
#1231 = ORIENTED_EDGE('',*,*,#354,.T.);
#1232 = ORIENTED_EDGE('',*,*,#1206,.F.);
#1233 = ADVANCED_FACE('',(#1234),#443,.F.);
#1234 = FACE_BOUND('',#1235,.F.);
#1235 = EDGE_LOOP('',(#1236,#1258));
#1236 = ORIENTED_EDGE('',*,*,#1237,.T.);
#1237 = EDGE_CURVE('',#427,#425,#1238,.T.);
#1238 = SURFACE_CURVE('',#1239,(#1244,#1251),.PCURVE_S1.);
#1239 = CIRCLE('',#1240,5.196609388381);
#1240 = AXIS2_PLACEMENT_3D('',#1241,#1242,#1243);
#1241 = CARTESIAN_POINT('',(-30.8046468613,-12.98492500377,
    -12.98492500377));
#1242 = DIRECTION('',(-2.449293598295E-16,-1.,0.));
#1243 = DIRECTION('',(1.,-2.449293598295E-16,0.));
#1244 = PCURVE('',#443,#1245);
#1245 = DEFINITIONAL_REPRESENTATION('',(#1246),#1250);
#1246 = LINE('',#1247,#1248);
#1247 = CARTESIAN_POINT('',(6.28318530718,-6.28318530718));
#1248 = VECTOR('',#1249,1.);
#1249 = DIRECTION('',(0.,1.));
#1250 = ( GEOMETRIC_REPRESENTATION_CONTEXT(2) 
PARAMETRIC_REPRESENTATION_CONTEXT() REPRESENTATION_CONTEXT('2D SPACE',''
  ) );
#1251 = PCURVE('',#511,#1252);
#1252 = DEFINITIONAL_REPRESENTATION('',(#1253),#1257);
#1253 = LINE('',#1254,#1255);
#1254 = CARTESIAN_POINT('',(0.,-6.28318530718));
#1255 = VECTOR('',#1256,1.);
#1256 = DIRECTION('',(0.,1.));
#1257 = ( GEOMETRIC_REPRESENTATION_CONTEXT(2) 
PARAMETRIC_REPRESENTATION_CONTEXT() REPRESENTATION_CONTEXT('2D SPACE',''
  ) );
#1258 = ORIENTED_EDGE('',*,*,#424,.T.);
#1259 = ADVANCED_FACE('',(#1260),#511,.F.);
#1260 = FACE_BOUND('',#1261,.F.);
#1261 = EDGE_LOOP('',(#1262,#1263));
#1262 = ORIENTED_EDGE('',*,*,#496,.T.);
#1263 = ORIENTED_EDGE('',*,*,#1237,.F.);
#1264 = ADVANCED_FACE('',(#1265),#585,.F.);
#1265 = FACE_BOUND('',#1266,.F.);
#1266 = EDGE_LOOP('',(#1267,#1289));
#1267 = ORIENTED_EDGE('',*,*,#1268,.T.);
#1268 = EDGE_CURVE('',#569,#567,#1269,.T.);
#1269 = SURFACE_CURVE('',#1270,(#1275,#1282),.PCURVE_S1.);
#1270 = CIRCLE('',#1271,5.196609388381);
#1271 = AXIS2_PLACEMENT_3D('',#1272,#1273,#1274);
#1272 = CARTESIAN_POINT('',(-30.8046468613,0.,0.));
#1273 = DIRECTION('',(-2.449293598295E-16,-1.,0.));
#1274 = DIRECTION('',(1.,-2.449293598295E-16,0.));
#1275 = PCURVE('',#585,#1276);
#1276 = DEFINITIONAL_REPRESENTATION('',(#1277),#1281);
#1277 = LINE('',#1278,#1279);
#1278 = CARTESIAN_POINT('',(6.28318530718,-6.28318530718));
#1279 = VECTOR('',#1280,1.);
#1280 = DIRECTION('',(0.,1.));
#1281 = ( GEOMETRIC_REPRESENTATION_CONTEXT(2) 
PARAMETRIC_REPRESENTATION_CONTEXT() REPRESENTATION_CONTEXT('2D SPACE',''
  ) );
#1282 = PCURVE('',#653,#1283);
#1283 = DEFINITIONAL_REPRESENTATION('',(#1284),#1288);
#1284 = LINE('',#1285,#1286);
#1285 = CARTESIAN_POINT('',(0.,-6.28318530718));
#1286 = VECTOR('',#1287,1.);
#1287 = DIRECTION('',(0.,1.));
#1288 = ( GEOMETRIC_REPRESENTATION_CONTEXT(2) 
PARAMETRIC_REPRESENTATION_CONTEXT() REPRESENTATION_CONTEXT('2D SPACE',''
  ) );
#1289 = ORIENTED_EDGE('',*,*,#566,.T.);
#1290 = ADVANCED_FACE('',(#1291),#653,.F.);
#1291 = FACE_BOUND('',#1292,.F.);
#1292 = EDGE_LOOP('',(#1293,#1294));
#1293 = ORIENTED_EDGE('',*,*,#638,.T.);
#1294 = ORIENTED_EDGE('',*,*,#1268,.F.);
#1295 = ADVANCED_FACE('',(#1296),#727,.F.);
#1296 = FACE_BOUND('',#1297,.F.);
#1297 = EDGE_LOOP('',(#1298,#1320));
#1298 = ORIENTED_EDGE('',*,*,#1299,.T.);
#1299 = EDGE_CURVE('',#711,#709,#1300,.T.);
#1300 = SURFACE_CURVE('',#1301,(#1306,#1313),.PCURVE_S1.);
#1301 = CIRCLE('',#1302,5.196609388381);
#1302 = AXIS2_PLACEMENT_3D('',#1303,#1304,#1305);
#1303 = CARTESIAN_POINT('',(-30.8046468613,-12.98492500377,
    12.984925003778));
#1304 = DIRECTION('',(-2.449293598295E-16,-1.,0.));
#1305 = DIRECTION('',(1.,-2.449293598295E-16,0.));
#1306 = PCURVE('',#727,#1307);
#1307 = DEFINITIONAL_REPRESENTATION('',(#1308),#1312);
#1308 = LINE('',#1309,#1310);
#1309 = CARTESIAN_POINT('',(6.28318530718,-6.28318530718));
#1310 = VECTOR('',#1311,1.);
#1311 = DIRECTION('',(0.,1.));
#1312 = ( GEOMETRIC_REPRESENTATION_CONTEXT(2) 
PARAMETRIC_REPRESENTATION_CONTEXT() REPRESENTATION_CONTEXT('2D SPACE',''
  ) );
#1313 = PCURVE('',#795,#1314);
#1314 = DEFINITIONAL_REPRESENTATION('',(#1315),#1319);
#1315 = LINE('',#1316,#1317);
#1316 = CARTESIAN_POINT('',(0.,-6.28318530718));
#1317 = VECTOR('',#1318,1.);
#1318 = DIRECTION('',(0.,1.));
#1319 = ( GEOMETRIC_REPRESENTATION_CONTEXT(2) 
PARAMETRIC_REPRESENTATION_CONTEXT() REPRESENTATION_CONTEXT('2D SPACE',''
  ) );
#1320 = ORIENTED_EDGE('',*,*,#708,.T.);
#1321 = ADVANCED_FACE('',(#1322),#795,.F.);
#1322 = FACE_BOUND('',#1323,.F.);
#1323 = EDGE_LOOP('',(#1324,#1325));
#1324 = ORIENTED_EDGE('',*,*,#780,.T.);
#1325 = ORIENTED_EDGE('',*,*,#1299,.F.);
#1326 = ADVANCED_FACE('',(#1327),#869,.T.);
#1327 = FACE_BOUND('',#1328,.T.);
#1328 = EDGE_LOOP('',(#1329,#1330,#1355));
#1329 = ORIENTED_EDGE('',*,*,#939,.F.);
#1330 = ORIENTED_EDGE('',*,*,#1331,.T.);
#1331 = EDGE_CURVE('',#940,#853,#1332,.T.);
#1332 = SURFACE_CURVE('',#1333,(#1338,#1344),.PCURVE_S1.);
#1333 = CIRCLE('',#1334,8.025124993703);
#1334 = AXIS2_PLACEMENT_3D('',#1335,#1336,#1337);
#1335 = CARTESIAN_POINT('',(-19.47738750566,-19.47738750566,
    -19.47738750566));
#1336 = DIRECTION('',(-1.,6.123233995737E-17,0.));
#1337 = DIRECTION('',(-6.123233995737E-17,-1.,0.));
#1338 = PCURVE('',#869,#1339);
#1339 = DEFINITIONAL_REPRESENTATION('',(#1340),#1343);
#1340 = B_SPLINE_CURVE_WITH_KNOTS('',1,(#1341,#1342),.UNSPECIFIED.,.F.,
  .F.,(2,2),(4.712388980385,6.28318530718),.PIECEWISE_BEZIER_KNOTS.);
#1341 = CARTESIAN_POINT('',(1.570796326795,-1.570796326795));
#1342 = CARTESIAN_POINT('',(1.570796326795,0.));
#1343 = ( GEOMETRIC_REPRESENTATION_CONTEXT(2) 
PARAMETRIC_REPRESENTATION_CONTEXT() REPRESENTATION_CONTEXT('2D SPACE',''
  ) );
#1344 = PCURVE('',#1345,#1350);
#1345 = CYLINDRICAL_SURFACE('',#1346,8.025124993703);
#1346 = AXIS2_PLACEMENT_3D('',#1347,#1348,#1349);
#1347 = CARTESIAN_POINT('',(-27.50251249937,-19.47738750566,
    -19.47738750566));
#1348 = DIRECTION('',(1.,0.,-0.));
#1349 = DIRECTION('',(0.,-1.,0.));
#1350 = DEFINITIONAL_REPRESENTATION('',(#1351),#1354);
#1351 = B_SPLINE_CURVE_WITH_KNOTS('',1,(#1352,#1353),.UNSPECIFIED.,.F.,
  .F.,(2,2),(4.712388980385,6.28318530718),.PIECEWISE_BEZIER_KNOTS.);
#1352 = CARTESIAN_POINT('',(1.570796326795,8.025124993703));
#1353 = CARTESIAN_POINT('',(0.,8.025124993703));
#1354 = ( GEOMETRIC_REPRESENTATION_CONTEXT(2) 
PARAMETRIC_REPRESENTATION_CONTEXT() REPRESENTATION_CONTEXT('2D SPACE',''
  ) );
#1355 = ORIENTED_EDGE('',*,*,#852,.F.);
#1356 = ADVANCED_FACE('',(#1357),#924,.T.);
#1357 = FACE_BOUND('',#1358,.F.);
#1358 = EDGE_LOOP('',(#1359,#1360,#1385));
#1359 = ORIENTED_EDGE('',*,*,#1018,.F.);
#1360 = ORIENTED_EDGE('',*,*,#1361,.T.);
#1361 = EDGE_CURVE('',#1019,#882,#1362,.T.);
#1362 = SURFACE_CURVE('',#1363,(#1368,#1374),.PCURVE_S1.);
#1363 = CIRCLE('',#1364,8.025124993703);
#1364 = AXIS2_PLACEMENT_3D('',#1365,#1366,#1367);
#1365 = CARTESIAN_POINT('',(-19.47738750566,-19.47738750566,
    19.477387505667));
#1366 = DIRECTION('',(1.,-6.123233995737E-17,0.));
#1367 = DIRECTION('',(-6.123233995737E-17,-1.,0.));
#1368 = PCURVE('',#924,#1369);
#1369 = DEFINITIONAL_REPRESENTATION('',(#1370),#1373);
#1370 = B_SPLINE_CURVE_WITH_KNOTS('',1,(#1371,#1372),.UNSPECIFIED.,.F.,
  .F.,(2,2),(4.712388980385,6.28318530718),.PIECEWISE_BEZIER_KNOTS.);
#1371 = CARTESIAN_POINT('',(-1.570796326795,-1.570796326795));
#1372 = CARTESIAN_POINT('',(-1.570796326795,0.));
#1373 = ( GEOMETRIC_REPRESENTATION_CONTEXT(2) 
PARAMETRIC_REPRESENTATION_CONTEXT() REPRESENTATION_CONTEXT('2D SPACE',''
  ) );
#1374 = PCURVE('',#1375,#1380);
#1375 = CYLINDRICAL_SURFACE('',#1376,8.025124993703);
#1376 = AXIS2_PLACEMENT_3D('',#1377,#1378,#1379);
#1377 = CARTESIAN_POINT('',(-27.50251249937,-19.47738750566,
    19.477387505667));
#1378 = DIRECTION('',(1.,0.,-0.));
#1379 = DIRECTION('',(0.,-1.,0.));
#1380 = DEFINITIONAL_REPRESENTATION('',(#1381),#1384);
#1381 = B_SPLINE_CURVE_WITH_KNOTS('',1,(#1382,#1383),.UNSPECIFIED.,.F.,
  .F.,(2,2),(4.712388980385,6.28318530718),.PIECEWISE_BEZIER_KNOTS.);
#1382 = CARTESIAN_POINT('',(-1.570796326795,8.025124993703));
#1383 = CARTESIAN_POINT('',(0.,8.025124993703));
#1384 = ( GEOMETRIC_REPRESENTATION_CONTEXT(2) 
PARAMETRIC_REPRESENTATION_CONTEXT() REPRESENTATION_CONTEXT('2D SPACE',''
  ) );
#1385 = ORIENTED_EDGE('',*,*,#909,.F.);
#1386 = ADVANCED_FACE('',(#1387,#1462,#1576,#1690,#1804),#897,.F.);
#1387 = FACE_BOUND('',#1388,.F.);
#1388 = EDGE_LOOP('',(#1389,#1390,#1413,#1441));
#1389 = ORIENTED_EDGE('',*,*,#881,.T.);
#1390 = ORIENTED_EDGE('',*,*,#1391,.T.);
#1391 = EDGE_CURVE('',#882,#1392,#1394,.T.);
#1392 = VERTEX_POINT('',#1393);
#1393 = CARTESIAN_POINT('',(19.477387505667,-27.50251249937,
    19.477387505667));
#1394 = SURFACE_CURVE('',#1395,(#1399,#1406),.PCURVE_S1.);
#1395 = LINE('',#1396,#1397);
#1396 = CARTESIAN_POINT('',(-27.50251249937,-27.50251249937,
    19.477387505667));
#1397 = VECTOR('',#1398,1.);
#1398 = DIRECTION('',(1.,0.,-0.));
#1399 = PCURVE('',#897,#1400);
#1400 = DEFINITIONAL_REPRESENTATION('',(#1401),#1405);
#1401 = LINE('',#1402,#1403);
#1402 = CARTESIAN_POINT('',(46.979900005037,0.));
#1403 = VECTOR('',#1404,1.);
#1404 = DIRECTION('',(0.,1.));
#1405 = ( GEOMETRIC_REPRESENTATION_CONTEXT(2) 
PARAMETRIC_REPRESENTATION_CONTEXT() REPRESENTATION_CONTEXT('2D SPACE',''
  ) );
#1406 = PCURVE('',#1375,#1407);
#1407 = DEFINITIONAL_REPRESENTATION('',(#1408),#1412);
#1408 = LINE('',#1409,#1410);
#1409 = CARTESIAN_POINT('',(-0.,0.));
#1410 = VECTOR('',#1411,1.);
#1411 = DIRECTION('',(-0.,1.));
#1412 = ( GEOMETRIC_REPRESENTATION_CONTEXT(2) 
PARAMETRIC_REPRESENTATION_CONTEXT() REPRESENTATION_CONTEXT('2D SPACE',''
  ) );
#1413 = ORIENTED_EDGE('',*,*,#1414,.F.);
#1414 = EDGE_CURVE('',#1415,#1392,#1417,.T.);
#1415 = VERTEX_POINT('',#1416);
#1416 = CARTESIAN_POINT('',(19.477387505667,-27.50251249937,
    -19.47738750566));
#1417 = SURFACE_CURVE('',#1418,(#1422,#1429),.PCURVE_S1.);
#1418 = LINE('',#1419,#1420);
#1419 = CARTESIAN_POINT('',(19.477387505667,-27.50251249937,
    -27.50251249937));
#1420 = VECTOR('',#1421,1.);
#1421 = DIRECTION('',(0.,0.,1.));
#1422 = PCURVE('',#897,#1423);
#1423 = DEFINITIONAL_REPRESENTATION('',(#1424),#1428);
#1424 = LINE('',#1425,#1426);
#1425 = CARTESIAN_POINT('',(0.,46.979900005037));
#1426 = VECTOR('',#1427,1.);
#1427 = DIRECTION('',(1.,0.));
#1428 = ( GEOMETRIC_REPRESENTATION_CONTEXT(2) 
PARAMETRIC_REPRESENTATION_CONTEXT() REPRESENTATION_CONTEXT('2D SPACE',''
  ) );
#1429 = PCURVE('',#1430,#1435);
#1430 = CYLINDRICAL_SURFACE('',#1431,8.025124993703);
#1431 = AXIS2_PLACEMENT_3D('',#1432,#1433,#1434);
#1432 = CARTESIAN_POINT('',(19.477387505667,-19.47738750566,
    -27.50251249937));
#1433 = DIRECTION('',(0.,0.,1.));
#1434 = DIRECTION('',(1.,0.,-0.));
#1435 = DEFINITIONAL_REPRESENTATION('',(#1436),#1440);
#1436 = LINE('',#1437,#1438);
#1437 = CARTESIAN_POINT('',(-1.570796326795,0.));
#1438 = VECTOR('',#1439,1.);
#1439 = DIRECTION('',(-0.,1.));
#1440 = ( GEOMETRIC_REPRESENTATION_CONTEXT(2) 
PARAMETRIC_REPRESENTATION_CONTEXT() REPRESENTATION_CONTEXT('2D SPACE',''
  ) );
#1441 = ORIENTED_EDGE('',*,*,#1442,.F.);
#1442 = EDGE_CURVE('',#853,#1415,#1443,.T.);
#1443 = SURFACE_CURVE('',#1444,(#1448,#1455),.PCURVE_S1.);
#1444 = LINE('',#1445,#1446);
#1445 = CARTESIAN_POINT('',(-27.50251249937,-27.50251249937,
    -19.47738750566));
#1446 = VECTOR('',#1447,1.);
#1447 = DIRECTION('',(1.,0.,-0.));
#1448 = PCURVE('',#897,#1449);
#1449 = DEFINITIONAL_REPRESENTATION('',(#1450),#1454);
#1450 = LINE('',#1451,#1452);
#1451 = CARTESIAN_POINT('',(8.025124993703,0.));
#1452 = VECTOR('',#1453,1.);
#1453 = DIRECTION('',(0.,1.));
#1454 = ( GEOMETRIC_REPRESENTATION_CONTEXT(2) 
PARAMETRIC_REPRESENTATION_CONTEXT() REPRESENTATION_CONTEXT('2D SPACE',''
  ) );
#1455 = PCURVE('',#1345,#1456);
#1456 = DEFINITIONAL_REPRESENTATION('',(#1457),#1461);
#1457 = LINE('',#1458,#1459);
#1458 = CARTESIAN_POINT('',(0.,0.));
#1459 = VECTOR('',#1460,1.);
#1460 = DIRECTION('',(0.,1.));
#1461 = ( GEOMETRIC_REPRESENTATION_CONTEXT(2) 
PARAMETRIC_REPRESENTATION_CONTEXT() REPRESENTATION_CONTEXT('2D SPACE',''
  ) );
#1462 = FACE_BOUND('',#1463,.F.);
#1463 = EDGE_LOOP('',(#1464));
#1464 = ORIENTED_EDGE('',*,*,#1465,.F.);
#1465 = EDGE_CURVE('',#1466,#1466,#1468,.T.);
#1466 = VERTEX_POINT('',#1467);
#1467 = CARTESIAN_POINT('',(-12.98492500377,-27.50251249937,
    -8.972362506926));
#1468 = SURFACE_CURVE('',#1469,(#1474,#1481),.PCURVE_S1.);
#1469 = CIRCLE('',#1470,4.012562496852);
#1470 = AXIS2_PLACEMENT_3D('',#1471,#1472,#1473);
#1471 = CARTESIAN_POINT('',(-12.98492500377,-27.50251249937,
    -12.98492500377));
#1472 = DIRECTION('',(-0.,1.,0.));
#1473 = DIRECTION('',(0.,0.,1.));
#1474 = PCURVE('',#897,#1475);
#1475 = DEFINITIONAL_REPRESENTATION('',(#1476),#1480);
#1476 = CIRCLE('',#1477,4.012562496852);
#1477 = AXIS2_PLACEMENT_2D('',#1478,#1479);
#1478 = CARTESIAN_POINT('',(14.517587495592,14.517587495592));
#1479 = DIRECTION('',(1.,0.));
#1480 = ( GEOMETRIC_REPRESENTATION_CONTEXT(2) 
PARAMETRIC_REPRESENTATION_CONTEXT() REPRESENTATION_CONTEXT('2D SPACE',''
  ) );
#1481 = PCURVE('',#1482,#1487);
#1482 = SPHERICAL_SURFACE('',#1483,5.196609388381);
#1483 = AXIS2_PLACEMENT_3D('',#1484,#1485,#1486);
#1484 = CARTESIAN_POINT('',(-12.98492500377,-30.8046468613,
    -12.98492500377));
#1485 = DIRECTION('',(0.,0.,1.));
#1486 = DIRECTION('',(1.,0.,-0.));
#1487 = DEFINITIONAL_REPRESENTATION('',(#1488),#1575);
#1488 = B_SPLINE_CURVE_WITH_KNOTS('',8,(#1489,#1490,#1491,#1492,#1493,
    #1494,#1495,#1496,#1497,#1498,#1499,#1500,#1501,#1502,#1503,#1504,
    #1505,#1506,#1507,#1508,#1509,#1510,#1511,#1512,#1513,#1514,#1515,
    #1516,#1517,#1518,#1519,#1520,#1521,#1522,#1523,#1524,#1525,#1526,
    #1527,#1528,#1529,#1530,#1531,#1532,#1533,#1534,#1535,#1536,#1537,
    #1538,#1539,#1540,#1541,#1542,#1543,#1544,#1545,#1546,#1547,#1548,
    #1549,#1550,#1551,#1552,#1553,#1554,#1555,#1556,#1557,#1558,#1559,
    #1560,#1561,#1562,#1563,#1564,#1565,#1566,#1567,#1568,#1569,#1570,
    #1571,#1572,#1573,#1574),.UNSPECIFIED.,.F.,.F.,(9,7,7,7,7,7,7,7,7,7,
    7,7,9),(0.,0.392699081699,0.760854470791,1.45114582534,2.05515076057
    ,2.583655078896,3.046096357431,3.45073247615,3.804789080029,
    4.424388136816,5.353786721998,5.818486014589,6.28318530718),
  .UNSPECIFIED.);
#1489 = CARTESIAN_POINT('',(1.570796326795,0.882217880648));
#1490 = CARTESIAN_POINT('',(1.511148178239,0.882217880648));
#1491 = CARTESIAN_POINT('',(1.451500071366,0.878871610788));
#1492 = CARTESIAN_POINT('',(1.392717441998,0.872179224232));
#1493 = CARTESIAN_POINT('',(1.33566736119,0.862233438388));
#1494 = CARTESIAN_POINT('',(1.281073182578,0.849223059582));
#1495 = CARTESIAN_POINT('',(1.229381335713,0.833391676126));
#1496 = CARTESIAN_POINT('',(1.180836465481,0.814998585715));
#1497 = CARTESIAN_POINT('',(1.093048456372,0.774896318436));
#1498 = CARTESIAN_POINT('',(1.053413447325,0.753466102577));
#1499 = CARTESIAN_POINT('',(1.016695492657,0.730222171773));
#1500 = CARTESIAN_POINT('',(0.982846032038,0.705372651142));
#1501 = CARTESIAN_POINT('',(0.951745296124,0.679110142956));
#1502 = CARTESIAN_POINT('',(0.923240336925,0.651605850559));
#1503 = CARTESIAN_POINT('',(0.897169742706,0.623009296142));
#1504 = CARTESIAN_POINT('',(0.828759965051,0.538036762786));
#1505 = CARTESIAN_POINT('',(0.792145939876,0.479247537413));
#1506 = CARTESIAN_POINT('',(0.762486282164,0.417959953873));
#1507 = CARTESIAN_POINT('',(0.738772467847,0.354823104448));
#1508 = CARTESIAN_POINT('',(0.720298451436,0.290319099543));
#1509 = CARTESIAN_POINT('',(0.706547316768,0.224843118521));
#1510 = CARTESIAN_POINT('',(0.697198278417,0.158731347981));
#1511 = CARTESIAN_POINT('',(0.68764168828,3.417042894281E-02));
#1512 = CARTESIAN_POINT('',(0.686437640631,-2.420357052207E-02));
#1513 = CARTESIAN_POINT('',(0.688389015149,-8.261224150871E-02));
#1514 = CARTESIAN_POINT('',(0.693499106424,-0.140857744837));
#1515 = CARTESIAN_POINT('',(0.701865998513,-0.198738375208));
#1516 = CARTESIAN_POINT('',(0.713689956521,-0.256033931358));
#1517 = CARTESIAN_POINT('',(0.729286804817,-0.31248737625));
#1518 = CARTESIAN_POINT('',(0.766431126246,-0.416155010518));
#1519 = CARTESIAN_POINT('',(0.786991126447,-0.463641935644));
#1520 = CARTESIAN_POINT('',(0.811071199301,-0.51002249321));
#1521 = CARTESIAN_POINT('',(0.839040511758,-0.555041441739));
#1522 = CARTESIAN_POINT('',(0.87133504555,-0.598395401638));
#1523 = CARTESIAN_POINT('',(0.908464050687,-0.639707542161));
#1524 = CARTESIAN_POINT('',(0.950949376915,-0.678509147844));
#1525 = CARTESIAN_POINT('',(1.041261503719,-0.745527552391));
#1526 = CARTESIAN_POINT('',(1.087756560491,-0.774461535283));
#1527 = CARTESIAN_POINT('',(1.138820082859,-0.800685808197));
#1528 = CARTESIAN_POINT('',(1.1945475328,-0.823794235179));
#1529 = CARTESIAN_POINT('',(1.254834369298,-0.843334363229));
#1530 = CARTESIAN_POINT('',(1.319152526679,-0.858866143003));
#1531 = CARTESIAN_POINT('',(1.386450204054,-0.87004669058));
#1532 = CARTESIAN_POINT('',(1.515816199625,-0.882521255977));
#1533 = CARTESIAN_POINT('',(1.577486561697,-0.884876144459));
#1534 = CARTESIAN_POINT('',(1.639595663416,-0.88364527401));
#1535 = CARTESIAN_POINT('',(1.701144785779,-0.8788016141));
#1536 = CARTESIAN_POINT('',(1.761106468751,-0.870438681377));
#1537 = CARTESIAN_POINT('',(1.81869830683,-0.858758339235));
#1538 = CARTESIAN_POINT('',(1.873399124168,-0.844012234133));
#1539 = CARTESIAN_POINT('',(1.969976583532,-0.811127034754));
#1540 = CARTESIAN_POINT('',(2.012601650649,-0.793642464681));
#1541 = CARTESIAN_POINT('',(2.052579650492,-0.774202463641));
#1542 = CARTESIAN_POINT('',(2.089839141785,-0.753001985019));
#1543 = CARTESIAN_POINT('',(2.12441191818,-0.730229910547));
#1544 = CARTESIAN_POINT('',(2.156392127499,-0.706060286499));
#1545 = CARTESIAN_POINT('',(2.185900673551,-0.680649905203));
#1546 = CARTESIAN_POINT('',(2.260624809702,-0.607744994778));
#1547 = CARTESIAN_POINT('',(2.301021877609,-0.5579806453));
#1548 = CARTESIAN_POINT('',(2.3349879581,-0.505597684038));
#1549 = CARTESIAN_POINT('',(2.363365334289,-0.451189955318));
#1550 = CARTESIAN_POINT('',(2.38682307513,-0.395204424836));
#1551 = CARTESIAN_POINT('',(2.405891432395,-0.338003628592));
#1552 = CARTESIAN_POINT('',(2.420961011559,-0.279886555951));
#1553 = CARTESIAN_POINT('',(2.44930881769,-0.1329597061));
#1554 = CARTESIAN_POINT('',(2.457924214885,-4.333275512471E-02));
#1555 = CARTESIAN_POINT('',(2.459048612287,4.68790433913E-02));
#1556 = CARTESIAN_POINT('',(2.452970845654,0.1369805022));
#1557 = CARTESIAN_POINT('',(2.439412684293,0.226284449873));
#1558 = CARTESIAN_POINT('',(2.417666801001,0.314024967989));
#1559 = CARTESIAN_POINT('',(2.386201340501,0.399193592734));
#1560 = CARTESIAN_POINT('',(2.321162108236,0.52075932601));
#1561 = CARTESIAN_POINT('',(2.296509042982,0.560250011188));
#1562 = CARTESIAN_POINT('',(2.268610945421,0.598515746018));
#1563 = CARTESIAN_POINT('',(2.237158927093,0.635327902789));
#1564 = CARTESIAN_POINT('',(2.201812924438,0.670417573056));
#1565 = CARTESIAN_POINT('',(2.162227880661,0.703461639009));
#1566 = CARTESIAN_POINT('',(2.118128590399,0.734079552598));
#1567 = CARTESIAN_POINT('',(2.020794790248,0.789640610002));
#1568 = CARTESIAN_POINT('',(1.967560421792,0.814583830862));
#1569 = CARTESIAN_POINT('',(1.909701620596,0.836278502203));
#1570 = CARTESIAN_POINT('',(1.847391962601,0.854285111142));
#1571 = CARTESIAN_POINT('',(1.781116479598,0.868160855438));
#1572 = CARTESIAN_POINT('',(1.711964994965,0.877532033669));
#1573 = CARTESIAN_POINT('',(1.641380786321,0.882217880648));
#1574 = CARTESIAN_POINT('',(1.570796326795,0.882217880648));
#1575 = ( GEOMETRIC_REPRESENTATION_CONTEXT(2) 
PARAMETRIC_REPRESENTATION_CONTEXT() REPRESENTATION_CONTEXT('2D SPACE',''
  ) );
#1576 = FACE_BOUND('',#1577,.F.);
#1577 = EDGE_LOOP('',(#1578));
#1578 = ORIENTED_EDGE('',*,*,#1579,.F.);
#1579 = EDGE_CURVE('',#1580,#1580,#1582,.T.);
#1580 = VERTEX_POINT('',#1581);
#1581 = CARTESIAN_POINT('',(-12.98492500377,-27.50251249937,
    16.99748750063));
#1582 = SURFACE_CURVE('',#1583,(#1588,#1595),.PCURVE_S1.);
#1583 = CIRCLE('',#1584,4.012562496852);
#1584 = AXIS2_PLACEMENT_3D('',#1585,#1586,#1587);
#1585 = CARTESIAN_POINT('',(-12.98492500377,-27.50251249937,
    12.984925003778));
#1586 = DIRECTION('',(-0.,1.,0.));
#1587 = DIRECTION('',(0.,0.,1.));
#1588 = PCURVE('',#897,#1589);
#1589 = DEFINITIONAL_REPRESENTATION('',(#1590),#1594);
#1590 = CIRCLE('',#1591,4.012562496852);
#1591 = AXIS2_PLACEMENT_2D('',#1592,#1593);
#1592 = CARTESIAN_POINT('',(40.487437503148,14.517587495592));
#1593 = DIRECTION('',(1.,0.));
#1594 = ( GEOMETRIC_REPRESENTATION_CONTEXT(2) 
PARAMETRIC_REPRESENTATION_CONTEXT() REPRESENTATION_CONTEXT('2D SPACE',''
  ) );
#1595 = PCURVE('',#1596,#1601);
#1596 = SPHERICAL_SURFACE('',#1597,5.196609388381);
#1597 = AXIS2_PLACEMENT_3D('',#1598,#1599,#1600);
#1598 = CARTESIAN_POINT('',(-12.98492500377,-30.8046468613,
    12.984925003778));
#1599 = DIRECTION('',(0.,0.,1.));
#1600 = DIRECTION('',(1.,0.,-0.));
#1601 = DEFINITIONAL_REPRESENTATION('',(#1602),#1689);
#1602 = B_SPLINE_CURVE_WITH_KNOTS('',8,(#1603,#1604,#1605,#1606,#1607,
    #1608,#1609,#1610,#1611,#1612,#1613,#1614,#1615,#1616,#1617,#1618,
    #1619,#1620,#1621,#1622,#1623,#1624,#1625,#1626,#1627,#1628,#1629,
    #1630,#1631,#1632,#1633,#1634,#1635,#1636,#1637,#1638,#1639,#1640,
    #1641,#1642,#1643,#1644,#1645,#1646,#1647,#1648,#1649,#1650,#1651,
    #1652,#1653,#1654,#1655,#1656,#1657,#1658,#1659,#1660,#1661,#1662,
    #1663,#1664,#1665,#1666,#1667,#1668,#1669,#1670,#1671,#1672,#1673,
    #1674,#1675,#1676,#1677,#1678,#1679,#1680,#1681,#1682,#1683,#1684,
    #1685,#1686,#1687,#1688),.UNSPECIFIED.,.F.,.F.,(9,7,7,7,7,7,7,7,7,7,
    7,7,9),(0.,0.392699081699,0.760854470791,1.45114582534,2.05515076057
    ,2.583655078896,3.046096357431,3.45073247615,3.804789080029,
    4.424388136816,5.353786721998,5.818486014589,6.28318530718),
  .UNSPECIFIED.);
#1603 = CARTESIAN_POINT('',(1.570796326795,0.882217880648));
#1604 = CARTESIAN_POINT('',(1.511148178239,0.882217880648));
#1605 = CARTESIAN_POINT('',(1.451500071366,0.878871610788));
#1606 = CARTESIAN_POINT('',(1.392717441998,0.872179224225));
#1607 = CARTESIAN_POINT('',(1.33566736119,0.862233438393));
#1608 = CARTESIAN_POINT('',(1.281073182578,0.849223059575));
#1609 = CARTESIAN_POINT('',(1.229381335713,0.833391676128));
#1610 = CARTESIAN_POINT('',(1.180836465481,0.814998585715));
#1611 = CARTESIAN_POINT('',(1.093048456372,0.774896318436));
#1612 = CARTESIAN_POINT('',(1.053413447325,0.753466102577));
#1613 = CARTESIAN_POINT('',(1.016695492657,0.730222171773));
#1614 = CARTESIAN_POINT('',(0.982846032038,0.705372651142));
#1615 = CARTESIAN_POINT('',(0.951745296124,0.679110142956));
#1616 = CARTESIAN_POINT('',(0.923240336925,0.651605850559));
#1617 = CARTESIAN_POINT('',(0.897169742706,0.623009296142));
#1618 = CARTESIAN_POINT('',(0.828759965051,0.538036762786));
#1619 = CARTESIAN_POINT('',(0.792145939876,0.479247537413));
#1620 = CARTESIAN_POINT('',(0.762486282164,0.417959953873));
#1621 = CARTESIAN_POINT('',(0.738772467847,0.354823104448));
#1622 = CARTESIAN_POINT('',(0.720298451436,0.290319099543));
#1623 = CARTESIAN_POINT('',(0.706547316768,0.224843118521));
#1624 = CARTESIAN_POINT('',(0.697198278417,0.158731347981));
#1625 = CARTESIAN_POINT('',(0.68764168828,3.417042894281E-02));
#1626 = CARTESIAN_POINT('',(0.686437640631,-2.420357052207E-02));
#1627 = CARTESIAN_POINT('',(0.688389015149,-8.261224150871E-02));
#1628 = CARTESIAN_POINT('',(0.693499106424,-0.140857744837));
#1629 = CARTESIAN_POINT('',(0.701865998513,-0.198738375208));
#1630 = CARTESIAN_POINT('',(0.713689956521,-0.256033931358));
#1631 = CARTESIAN_POINT('',(0.729286804817,-0.31248737625));
#1632 = CARTESIAN_POINT('',(0.766431126246,-0.416155010518));
#1633 = CARTESIAN_POINT('',(0.786991126447,-0.463641935644));
#1634 = CARTESIAN_POINT('',(0.811071199301,-0.51002249321));
#1635 = CARTESIAN_POINT('',(0.839040511758,-0.555041441739));
#1636 = CARTESIAN_POINT('',(0.87133504555,-0.598395401638));
#1637 = CARTESIAN_POINT('',(0.908464050687,-0.639707542161));
#1638 = CARTESIAN_POINT('',(0.950949376915,-0.678509147844));
#1639 = CARTESIAN_POINT('',(1.041261503719,-0.745527552391));
#1640 = CARTESIAN_POINT('',(1.087756560491,-0.774461535283));
#1641 = CARTESIAN_POINT('',(1.138820082859,-0.800685808197));
#1642 = CARTESIAN_POINT('',(1.1945475328,-0.823794235179));
#1643 = CARTESIAN_POINT('',(1.254834369298,-0.843334363229));
#1644 = CARTESIAN_POINT('',(1.319152526679,-0.858866143003));
#1645 = CARTESIAN_POINT('',(1.386450204054,-0.87004669058));
#1646 = CARTESIAN_POINT('',(1.515816199625,-0.882521255977));
#1647 = CARTESIAN_POINT('',(1.577486561697,-0.88487614446));
#1648 = CARTESIAN_POINT('',(1.639595663416,-0.883645274006));
#1649 = CARTESIAN_POINT('',(1.701144785779,-0.878801614103));
#1650 = CARTESIAN_POINT('',(1.761106468751,-0.870438681374));
#1651 = CARTESIAN_POINT('',(1.81869830683,-0.858758339236));
#1652 = CARTESIAN_POINT('',(1.873399124168,-0.844012234133));
#1653 = CARTESIAN_POINT('',(1.969976583532,-0.811127034754));
#1654 = CARTESIAN_POINT('',(2.012601650649,-0.793642464681));
#1655 = CARTESIAN_POINT('',(2.052579650492,-0.774202463641));
#1656 = CARTESIAN_POINT('',(2.089839141785,-0.753001985019));
#1657 = CARTESIAN_POINT('',(2.12441191818,-0.730229910547));
#1658 = CARTESIAN_POINT('',(2.156392127499,-0.706060286499));
#1659 = CARTESIAN_POINT('',(2.185900673551,-0.680649905203));
#1660 = CARTESIAN_POINT('',(2.260624809702,-0.607744994778));
#1661 = CARTESIAN_POINT('',(2.301021877609,-0.557980645299));
#1662 = CARTESIAN_POINT('',(2.3349879581,-0.505597684039));
#1663 = CARTESIAN_POINT('',(2.363365334289,-0.451189955315));
#1664 = CARTESIAN_POINT('',(2.38682307513,-0.395204424837));
#1665 = CARTESIAN_POINT('',(2.405891432395,-0.338003628592));
#1666 = CARTESIAN_POINT('',(2.420961011559,-0.279886555951));
#1667 = CARTESIAN_POINT('',(2.44930881769,-0.1329597061));
#1668 = CARTESIAN_POINT('',(2.457924214885,-4.333275512471E-02));
#1669 = CARTESIAN_POINT('',(2.459048612287,4.68790433913E-02));
#1670 = CARTESIAN_POINT('',(2.452970845654,0.1369805022));
#1671 = CARTESIAN_POINT('',(2.439412684293,0.226284449873));
#1672 = CARTESIAN_POINT('',(2.417666801001,0.314024967989));
#1673 = CARTESIAN_POINT('',(2.386201340501,0.399193592734));
#1674 = CARTESIAN_POINT('',(2.321162108236,0.52075932601));
#1675 = CARTESIAN_POINT('',(2.296509042982,0.560250011188));
#1676 = CARTESIAN_POINT('',(2.268610945421,0.598515746018));
#1677 = CARTESIAN_POINT('',(2.237158927093,0.635327902789));
#1678 = CARTESIAN_POINT('',(2.201812924438,0.670417573056));
#1679 = CARTESIAN_POINT('',(2.162227880661,0.703461639009));
#1680 = CARTESIAN_POINT('',(2.118128590399,0.734079552598));
#1681 = CARTESIAN_POINT('',(2.020794790248,0.789640610002));
#1682 = CARTESIAN_POINT('',(1.967560421792,0.814583830862));
#1683 = CARTESIAN_POINT('',(1.909701620596,0.836278502202));
#1684 = CARTESIAN_POINT('',(1.847391962601,0.854285111143));
#1685 = CARTESIAN_POINT('',(1.781116479598,0.868160855438));
#1686 = CARTESIAN_POINT('',(1.711964994965,0.87753203367));
#1687 = CARTESIAN_POINT('',(1.641380786321,0.882217880648));
#1688 = CARTESIAN_POINT('',(1.570796326795,0.882217880648));
#1689 = ( GEOMETRIC_REPRESENTATION_CONTEXT(2) 
PARAMETRIC_REPRESENTATION_CONTEXT() REPRESENTATION_CONTEXT('2D SPACE',''
  ) );
#1690 = FACE_BOUND('',#1691,.F.);
#1691 = EDGE_LOOP('',(#1692));
#1692 = ORIENTED_EDGE('',*,*,#1693,.F.);
#1693 = EDGE_CURVE('',#1694,#1694,#1696,.T.);
#1694 = VERTEX_POINT('',#1695);
#1695 = CARTESIAN_POINT('',(12.984925003778,-27.50251249937,
    -8.972362506926));
#1696 = SURFACE_CURVE('',#1697,(#1702,#1709),.PCURVE_S1.);
#1697 = CIRCLE('',#1698,4.012562496852);
#1698 = AXIS2_PLACEMENT_3D('',#1699,#1700,#1701);
#1699 = CARTESIAN_POINT('',(12.984925003778,-27.50251249937,
    -12.98492500377));
#1700 = DIRECTION('',(-0.,1.,0.));
#1701 = DIRECTION('',(0.,0.,1.));
#1702 = PCURVE('',#897,#1703);
#1703 = DEFINITIONAL_REPRESENTATION('',(#1704),#1708);
#1704 = CIRCLE('',#1705,4.012562496852);
#1705 = AXIS2_PLACEMENT_2D('',#1706,#1707);
#1706 = CARTESIAN_POINT('',(14.517587495592,40.487437503148));
#1707 = DIRECTION('',(1.,0.));
#1708 = ( GEOMETRIC_REPRESENTATION_CONTEXT(2) 
PARAMETRIC_REPRESENTATION_CONTEXT() REPRESENTATION_CONTEXT('2D SPACE',''
  ) );
#1709 = PCURVE('',#1710,#1715);
#1710 = SPHERICAL_SURFACE('',#1711,5.196609388381);
#1711 = AXIS2_PLACEMENT_3D('',#1712,#1713,#1714);
#1712 = CARTESIAN_POINT('',(12.984925003778,-30.8046468613,
    -12.98492500377));
#1713 = DIRECTION('',(0.,0.,1.));
#1714 = DIRECTION('',(1.,0.,-0.));
#1715 = DEFINITIONAL_REPRESENTATION('',(#1716),#1803);
#1716 = B_SPLINE_CURVE_WITH_KNOTS('',8,(#1717,#1718,#1719,#1720,#1721,
    #1722,#1723,#1724,#1725,#1726,#1727,#1728,#1729,#1730,#1731,#1732,
    #1733,#1734,#1735,#1736,#1737,#1738,#1739,#1740,#1741,#1742,#1743,
    #1744,#1745,#1746,#1747,#1748,#1749,#1750,#1751,#1752,#1753,#1754,
    #1755,#1756,#1757,#1758,#1759,#1760,#1761,#1762,#1763,#1764,#1765,
    #1766,#1767,#1768,#1769,#1770,#1771,#1772,#1773,#1774,#1775,#1776,
    #1777,#1778,#1779,#1780,#1781,#1782,#1783,#1784,#1785,#1786,#1787,
    #1788,#1789,#1790,#1791,#1792,#1793,#1794,#1795,#1796,#1797,#1798,
    #1799,#1800,#1801,#1802),.UNSPECIFIED.,.F.,.F.,(9,7,7,7,7,7,7,7,7,7,
    7,7,9),(0.,0.392699081699,0.760854470791,1.45114582534,2.05515076057
    ,2.583655078896,3.046096357431,3.45073247615,3.804789080029,
    4.424388136816,5.353786721998,5.818486014589,6.28318530718),
  .UNSPECIFIED.);
#1717 = CARTESIAN_POINT('',(1.570796326795,0.882217880648));
#1718 = CARTESIAN_POINT('',(1.511148178239,0.882217880648));
#1719 = CARTESIAN_POINT('',(1.451500071366,0.878871610788));
#1720 = CARTESIAN_POINT('',(1.392717441998,0.872179224232));
#1721 = CARTESIAN_POINT('',(1.33566736119,0.862233438388));
#1722 = CARTESIAN_POINT('',(1.281073182578,0.849223059582));
#1723 = CARTESIAN_POINT('',(1.229381335713,0.833391676126));
#1724 = CARTESIAN_POINT('',(1.180836465481,0.814998585715));
#1725 = CARTESIAN_POINT('',(1.093048456372,0.774896318436));
#1726 = CARTESIAN_POINT('',(1.053413447325,0.753466102577));
#1727 = CARTESIAN_POINT('',(1.016695492657,0.730222171773));
#1728 = CARTESIAN_POINT('',(0.982846032038,0.705372651142));
#1729 = CARTESIAN_POINT('',(0.951745296124,0.679110142956));
#1730 = CARTESIAN_POINT('',(0.923240336925,0.651605850559));
#1731 = CARTESIAN_POINT('',(0.897169742706,0.623009296142));
#1732 = CARTESIAN_POINT('',(0.828759965051,0.538036762786));
#1733 = CARTESIAN_POINT('',(0.792145939875,0.479247537413));
#1734 = CARTESIAN_POINT('',(0.762486282164,0.417959953871));
#1735 = CARTESIAN_POINT('',(0.738772467845,0.354823104449));
#1736 = CARTESIAN_POINT('',(0.720298451438,0.290319099543));
#1737 = CARTESIAN_POINT('',(0.706547316768,0.224843118521));
#1738 = CARTESIAN_POINT('',(0.697198278417,0.158731347981));
#1739 = CARTESIAN_POINT('',(0.68764168828,3.417042894281E-02));
#1740 = CARTESIAN_POINT('',(0.686437640631,-2.420357052208E-02));
#1741 = CARTESIAN_POINT('',(0.688389015149,-8.26122415087E-02));
#1742 = CARTESIAN_POINT('',(0.693499106424,-0.140857744837));
#1743 = CARTESIAN_POINT('',(0.701865998513,-0.198738375208));
#1744 = CARTESIAN_POINT('',(0.713689956521,-0.256033931358));
#1745 = CARTESIAN_POINT('',(0.729286804817,-0.31248737625));
#1746 = CARTESIAN_POINT('',(0.766431126246,-0.416155010518));
#1747 = CARTESIAN_POINT('',(0.786991126447,-0.463641935644));
#1748 = CARTESIAN_POINT('',(0.811071199301,-0.51002249321));
#1749 = CARTESIAN_POINT('',(0.839040511758,-0.555041441739));
#1750 = CARTESIAN_POINT('',(0.87133504555,-0.598395401638));
#1751 = CARTESIAN_POINT('',(0.908464050687,-0.639707542161));
#1752 = CARTESIAN_POINT('',(0.950949376915,-0.678509147844));
#1753 = CARTESIAN_POINT('',(1.041261503719,-0.745527552391));
#1754 = CARTESIAN_POINT('',(1.087756560491,-0.774461535283));
#1755 = CARTESIAN_POINT('',(1.138820082859,-0.800685808197));
#1756 = CARTESIAN_POINT('',(1.1945475328,-0.823794235179));
#1757 = CARTESIAN_POINT('',(1.254834369298,-0.843334363229));
#1758 = CARTESIAN_POINT('',(1.319152526679,-0.858866143003));
#1759 = CARTESIAN_POINT('',(1.386450204054,-0.87004669058));
#1760 = CARTESIAN_POINT('',(1.515816199625,-0.882521255977));
#1761 = CARTESIAN_POINT('',(1.577486561697,-0.884876144459));
#1762 = CARTESIAN_POINT('',(1.639595663416,-0.88364527401));
#1763 = CARTESIAN_POINT('',(1.701144785779,-0.8788016141));
#1764 = CARTESIAN_POINT('',(1.761106468751,-0.870438681377));
#1765 = CARTESIAN_POINT('',(1.81869830683,-0.858758339235));
#1766 = CARTESIAN_POINT('',(1.873399124168,-0.844012234133));
#1767 = CARTESIAN_POINT('',(1.969976583532,-0.811127034754));
#1768 = CARTESIAN_POINT('',(2.012601650649,-0.793642464681));
#1769 = CARTESIAN_POINT('',(2.052579650492,-0.774202463641));
#1770 = CARTESIAN_POINT('',(2.089839141785,-0.753001985019));
#1771 = CARTESIAN_POINT('',(2.12441191818,-0.730229910547));
#1772 = CARTESIAN_POINT('',(2.156392127499,-0.706060286499));
#1773 = CARTESIAN_POINT('',(2.185900673551,-0.680649905203));
#1774 = CARTESIAN_POINT('',(2.260624809702,-0.607744994778));
#1775 = CARTESIAN_POINT('',(2.301021877609,-0.5579806453));
#1776 = CARTESIAN_POINT('',(2.3349879581,-0.505597684038));
#1777 = CARTESIAN_POINT('',(2.363365334289,-0.451189955318));
#1778 = CARTESIAN_POINT('',(2.38682307513,-0.395204424836));
#1779 = CARTESIAN_POINT('',(2.405891432395,-0.338003628592));
#1780 = CARTESIAN_POINT('',(2.420961011559,-0.279886555951));
#1781 = CARTESIAN_POINT('',(2.44930881769,-0.1329597061));
#1782 = CARTESIAN_POINT('',(2.457924214885,-4.333275512471E-02));
#1783 = CARTESIAN_POINT('',(2.459048612287,4.68790433913E-02));
#1784 = CARTESIAN_POINT('',(2.452970845654,0.136980502201));
#1785 = CARTESIAN_POINT('',(2.439412684293,0.226284449873));
#1786 = CARTESIAN_POINT('',(2.417666801001,0.314024967989));
#1787 = CARTESIAN_POINT('',(2.386201340501,0.399193592734));
#1788 = CARTESIAN_POINT('',(2.321162108236,0.52075932601));
#1789 = CARTESIAN_POINT('',(2.296509042982,0.560250011188));
#1790 = CARTESIAN_POINT('',(2.268610945421,0.598515746018));
#1791 = CARTESIAN_POINT('',(2.237158927093,0.635327902789));
#1792 = CARTESIAN_POINT('',(2.201812924438,0.670417573056));
#1793 = CARTESIAN_POINT('',(2.162227880661,0.703461639009));
#1794 = CARTESIAN_POINT('',(2.118128590399,0.734079552598));
#1795 = CARTESIAN_POINT('',(2.020794790248,0.789640610002));
#1796 = CARTESIAN_POINT('',(1.967560421792,0.814583830862));
#1797 = CARTESIAN_POINT('',(1.909701620596,0.836278502203));
#1798 = CARTESIAN_POINT('',(1.847391962601,0.854285111142));
#1799 = CARTESIAN_POINT('',(1.781116479598,0.868160855438));
#1800 = CARTESIAN_POINT('',(1.711964994965,0.877532033669));
#1801 = CARTESIAN_POINT('',(1.641380786321,0.882217880648));
#1802 = CARTESIAN_POINT('',(1.570796326795,0.882217880648));
#1803 = ( GEOMETRIC_REPRESENTATION_CONTEXT(2) 
PARAMETRIC_REPRESENTATION_CONTEXT() REPRESENTATION_CONTEXT('2D SPACE',''
  ) );
#1804 = FACE_BOUND('',#1805,.F.);
#1805 = EDGE_LOOP('',(#1806));
#1806 = ORIENTED_EDGE('',*,*,#1807,.F.);
#1807 = EDGE_CURVE('',#1808,#1808,#1810,.T.);
#1808 = VERTEX_POINT('',#1809);
#1809 = CARTESIAN_POINT('',(12.984925003778,-27.50251249937,
    16.99748750063));
#1810 = SURFACE_CURVE('',#1811,(#1816,#1823),.PCURVE_S1.);
#1811 = CIRCLE('',#1812,4.012562496852);
#1812 = AXIS2_PLACEMENT_3D('',#1813,#1814,#1815);
#1813 = CARTESIAN_POINT('',(12.984925003778,-27.50251249937,
    12.984925003778));
#1814 = DIRECTION('',(-0.,1.,0.));
#1815 = DIRECTION('',(0.,0.,1.));
#1816 = PCURVE('',#897,#1817);
#1817 = DEFINITIONAL_REPRESENTATION('',(#1818),#1822);
#1818 = CIRCLE('',#1819,4.012562496852);
#1819 = AXIS2_PLACEMENT_2D('',#1820,#1821);
#1820 = CARTESIAN_POINT('',(40.487437503148,40.487437503148));
#1821 = DIRECTION('',(1.,0.));
#1822 = ( GEOMETRIC_REPRESENTATION_CONTEXT(2) 
PARAMETRIC_REPRESENTATION_CONTEXT() REPRESENTATION_CONTEXT('2D SPACE',''
  ) );
#1823 = PCURVE('',#1824,#1829);
#1824 = SPHERICAL_SURFACE('',#1825,5.196609388381);
#1825 = AXIS2_PLACEMENT_3D('',#1826,#1827,#1828);
#1826 = CARTESIAN_POINT('',(12.984925003778,-30.8046468613,
    12.984925003778));
#1827 = DIRECTION('',(0.,0.,1.));
#1828 = DIRECTION('',(1.,0.,-0.));
#1829 = DEFINITIONAL_REPRESENTATION('',(#1830),#1917);
#1830 = B_SPLINE_CURVE_WITH_KNOTS('',8,(#1831,#1832,#1833,#1834,#1835,
    #1836,#1837,#1838,#1839,#1840,#1841,#1842,#1843,#1844,#1845,#1846,
    #1847,#1848,#1849,#1850,#1851,#1852,#1853,#1854,#1855,#1856,#1857,
    #1858,#1859,#1860,#1861,#1862,#1863,#1864,#1865,#1866,#1867,#1868,
    #1869,#1870,#1871,#1872,#1873,#1874,#1875,#1876,#1877,#1878,#1879,
    #1880,#1881,#1882,#1883,#1884,#1885,#1886,#1887,#1888,#1889,#1890,
    #1891,#1892,#1893,#1894,#1895,#1896,#1897,#1898,#1899,#1900,#1901,
    #1902,#1903,#1904,#1905,#1906,#1907,#1908,#1909,#1910,#1911,#1912,
    #1913,#1914,#1915,#1916),.UNSPECIFIED.,.F.,.F.,(9,7,7,7,7,7,7,7,7,7,
    7,7,9),(0.,0.392699081699,0.760854470791,1.45114582534,2.05515076057
    ,2.583655078896,3.046096357431,3.45073247615,3.804789080029,
    4.424388136816,5.353786721998,5.818486014589,6.28318530718),
  .UNSPECIFIED.);
#1831 = CARTESIAN_POINT('',(1.570796326795,0.882217880648));
#1832 = CARTESIAN_POINT('',(1.511148178239,0.882217880648));
#1833 = CARTESIAN_POINT('',(1.451500071366,0.878871610788));
#1834 = CARTESIAN_POINT('',(1.392717441998,0.872179224225));
#1835 = CARTESIAN_POINT('',(1.33566736119,0.862233438393));
#1836 = CARTESIAN_POINT('',(1.281073182578,0.849223059575));
#1837 = CARTESIAN_POINT('',(1.229381335713,0.833391676128));
#1838 = CARTESIAN_POINT('',(1.180836465481,0.814998585715));
#1839 = CARTESIAN_POINT('',(1.093048456372,0.774896318436));
#1840 = CARTESIAN_POINT('',(1.053413447325,0.753466102577));
#1841 = CARTESIAN_POINT('',(1.016695492657,0.730222171773));
#1842 = CARTESIAN_POINT('',(0.982846032038,0.705372651142));
#1843 = CARTESIAN_POINT('',(0.951745296124,0.679110142956));
#1844 = CARTESIAN_POINT('',(0.923240336925,0.651605850559));
#1845 = CARTESIAN_POINT('',(0.897169742706,0.623009296142));
#1846 = CARTESIAN_POINT('',(0.828759965051,0.538036762786));
#1847 = CARTESIAN_POINT('',(0.792145939875,0.479247537413));
#1848 = CARTESIAN_POINT('',(0.762486282164,0.417959953871));
#1849 = CARTESIAN_POINT('',(0.738772467845,0.354823104449));
#1850 = CARTESIAN_POINT('',(0.720298451438,0.290319099543));
#1851 = CARTESIAN_POINT('',(0.706547316768,0.224843118521));
#1852 = CARTESIAN_POINT('',(0.697198278417,0.158731347981));
#1853 = CARTESIAN_POINT('',(0.68764168828,3.417042894281E-02));
#1854 = CARTESIAN_POINT('',(0.686437640631,-2.420357052208E-02));
#1855 = CARTESIAN_POINT('',(0.688389015149,-8.26122415087E-02));
#1856 = CARTESIAN_POINT('',(0.693499106424,-0.140857744837));
#1857 = CARTESIAN_POINT('',(0.701865998513,-0.198738375208));
#1858 = CARTESIAN_POINT('',(0.713689956521,-0.256033931358));
#1859 = CARTESIAN_POINT('',(0.729286804817,-0.31248737625));
#1860 = CARTESIAN_POINT('',(0.766431126246,-0.416155010518));
#1861 = CARTESIAN_POINT('',(0.786991126447,-0.463641935644));
#1862 = CARTESIAN_POINT('',(0.811071199301,-0.51002249321));
#1863 = CARTESIAN_POINT('',(0.839040511758,-0.555041441739));
#1864 = CARTESIAN_POINT('',(0.87133504555,-0.598395401638));
#1865 = CARTESIAN_POINT('',(0.908464050687,-0.639707542161));
#1866 = CARTESIAN_POINT('',(0.950949376915,-0.678509147844));
#1867 = CARTESIAN_POINT('',(1.041261503719,-0.745527552391));
#1868 = CARTESIAN_POINT('',(1.087756560491,-0.774461535283));
#1869 = CARTESIAN_POINT('',(1.138820082859,-0.800685808197));
#1870 = CARTESIAN_POINT('',(1.1945475328,-0.823794235179));
#1871 = CARTESIAN_POINT('',(1.254834369298,-0.843334363229));
#1872 = CARTESIAN_POINT('',(1.319152526679,-0.858866143003));
#1873 = CARTESIAN_POINT('',(1.386450204054,-0.87004669058));
#1874 = CARTESIAN_POINT('',(1.515816199625,-0.882521255977));
#1875 = CARTESIAN_POINT('',(1.577486561697,-0.88487614446));
#1876 = CARTESIAN_POINT('',(1.639595663416,-0.883645274006));
#1877 = CARTESIAN_POINT('',(1.701144785779,-0.878801614103));
#1878 = CARTESIAN_POINT('',(1.761106468751,-0.870438681374));
#1879 = CARTESIAN_POINT('',(1.81869830683,-0.858758339236));
#1880 = CARTESIAN_POINT('',(1.873399124168,-0.844012234133));
#1881 = CARTESIAN_POINT('',(1.969976583532,-0.811127034754));
#1882 = CARTESIAN_POINT('',(2.012601650649,-0.793642464681));
#1883 = CARTESIAN_POINT('',(2.052579650492,-0.774202463641));
#1884 = CARTESIAN_POINT('',(2.089839141785,-0.753001985019));
#1885 = CARTESIAN_POINT('',(2.12441191818,-0.730229910547));
#1886 = CARTESIAN_POINT('',(2.156392127499,-0.706060286499));
#1887 = CARTESIAN_POINT('',(2.185900673551,-0.680649905203));
#1888 = CARTESIAN_POINT('',(2.260624809702,-0.607744994778));
#1889 = CARTESIAN_POINT('',(2.301021877609,-0.557980645299));
#1890 = CARTESIAN_POINT('',(2.3349879581,-0.505597684039));
#1891 = CARTESIAN_POINT('',(2.363365334289,-0.451189955314));
#1892 = CARTESIAN_POINT('',(2.38682307513,-0.395204424838));
#1893 = CARTESIAN_POINT('',(2.405891432395,-0.338003628592));
#1894 = CARTESIAN_POINT('',(2.420961011559,-0.279886555951));
#1895 = CARTESIAN_POINT('',(2.44930881769,-0.1329597061));
#1896 = CARTESIAN_POINT('',(2.457924214885,-4.333275512471E-02));
#1897 = CARTESIAN_POINT('',(2.459048612287,4.68790433913E-02));
#1898 = CARTESIAN_POINT('',(2.452970845654,0.136980502201));
#1899 = CARTESIAN_POINT('',(2.439412684293,0.226284449873));
#1900 = CARTESIAN_POINT('',(2.417666801001,0.314024967989));
#1901 = CARTESIAN_POINT('',(2.386201340501,0.399193592734));
#1902 = CARTESIAN_POINT('',(2.321162108236,0.52075932601));
#1903 = CARTESIAN_POINT('',(2.296509042982,0.560250011188));
#1904 = CARTESIAN_POINT('',(2.268610945421,0.598515746018));
#1905 = CARTESIAN_POINT('',(2.237158927093,0.635327902789));
#1906 = CARTESIAN_POINT('',(2.201812924438,0.670417573056));
#1907 = CARTESIAN_POINT('',(2.162227880661,0.703461639009));
#1908 = CARTESIAN_POINT('',(2.118128590399,0.734079552598));
#1909 = CARTESIAN_POINT('',(2.020794790248,0.789640610002));
#1910 = CARTESIAN_POINT('',(1.967560421792,0.814583830862));
#1911 = CARTESIAN_POINT('',(1.909701620596,0.836278502202));
#1912 = CARTESIAN_POINT('',(1.847391962601,0.854285111143));
#1913 = CARTESIAN_POINT('',(1.781116479598,0.868160855438));
#1914 = CARTESIAN_POINT('',(1.711964994965,0.87753203367));
#1915 = CARTESIAN_POINT('',(1.641380786321,0.882217880648));
#1916 = CARTESIAN_POINT('',(1.570796326795,0.882217880648));
#1917 = ( GEOMETRIC_REPRESENTATION_CONTEXT(2) 
PARAMETRIC_REPRESENTATION_CONTEXT() REPRESENTATION_CONTEXT('2D SPACE',''
  ) );
#1918 = ADVANCED_FACE('',(#1919,#1999,#2030,#2061,#2092,#2123,#2154),
  #977,.F.);
#1919 = FACE_BOUND('',#1920,.F.);
#1920 = EDGE_LOOP('',(#1921,#1922,#1945,#1973));
#1921 = ORIENTED_EDGE('',*,*,#961,.F.);
#1922 = ORIENTED_EDGE('',*,*,#1923,.T.);
#1923 = EDGE_CURVE('',#940,#1924,#1926,.T.);
#1924 = VERTEX_POINT('',#1925);
#1925 = CARTESIAN_POINT('',(19.477387505667,-19.47738750566,
    -27.50251249937));
#1926 = SURFACE_CURVE('',#1927,(#1931,#1938),.PCURVE_S1.);
#1927 = LINE('',#1928,#1929);
#1928 = CARTESIAN_POINT('',(-27.50251249937,-19.47738750566,
    -27.50251249937));
#1929 = VECTOR('',#1930,1.);
#1930 = DIRECTION('',(1.,0.,-0.));
#1931 = PCURVE('',#977,#1932);
#1932 = DEFINITIONAL_REPRESENTATION('',(#1933),#1937);
#1933 = LINE('',#1934,#1935);
#1934 = CARTESIAN_POINT('',(0.,8.025124993703));
#1935 = VECTOR('',#1936,1.);
#1936 = DIRECTION('',(1.,0.));
#1937 = ( GEOMETRIC_REPRESENTATION_CONTEXT(2) 
PARAMETRIC_REPRESENTATION_CONTEXT() REPRESENTATION_CONTEXT('2D SPACE',''
  ) );
#1938 = PCURVE('',#1345,#1939);
#1939 = DEFINITIONAL_REPRESENTATION('',(#1940),#1944);
#1940 = LINE('',#1941,#1942);
#1941 = CARTESIAN_POINT('',(1.570796326795,0.));
#1942 = VECTOR('',#1943,1.);
#1943 = DIRECTION('',(0.,1.));
#1944 = ( GEOMETRIC_REPRESENTATION_CONTEXT(2) 
PARAMETRIC_REPRESENTATION_CONTEXT() REPRESENTATION_CONTEXT('2D SPACE',''
  ) );
#1945 = ORIENTED_EDGE('',*,*,#1946,.T.);
#1946 = EDGE_CURVE('',#1924,#1947,#1949,.T.);
#1947 = VERTEX_POINT('',#1948);
#1948 = CARTESIAN_POINT('',(19.477387505667,19.477387505667,
    -27.50251249937));
#1949 = SURFACE_CURVE('',#1950,(#1954,#1961),.PCURVE_S1.);
#1950 = LINE('',#1951,#1952);
#1951 = CARTESIAN_POINT('',(19.477387505667,-27.50251249937,
    -27.50251249937));
#1952 = VECTOR('',#1953,1.);
#1953 = DIRECTION('',(-0.,1.,0.));
#1954 = PCURVE('',#977,#1955);
#1955 = DEFINITIONAL_REPRESENTATION('',(#1956),#1960);
#1956 = LINE('',#1957,#1958);
#1957 = CARTESIAN_POINT('',(46.979900005037,0.));
#1958 = VECTOR('',#1959,1.);
#1959 = DIRECTION('',(0.,1.));
#1960 = ( GEOMETRIC_REPRESENTATION_CONTEXT(2) 
PARAMETRIC_REPRESENTATION_CONTEXT() REPRESENTATION_CONTEXT('2D SPACE',''
  ) );
#1961 = PCURVE('',#1962,#1967);
#1962 = CYLINDRICAL_SURFACE('',#1963,8.025124993703);
#1963 = AXIS2_PLACEMENT_3D('',#1964,#1965,#1966);
#1964 = CARTESIAN_POINT('',(19.477387505667,-27.50251249937,
    -19.47738750566));
#1965 = DIRECTION('',(-0.,1.,0.));
#1966 = DIRECTION('',(1.,0.,-0.));
#1967 = DEFINITIONAL_REPRESENTATION('',(#1968),#1972);
#1968 = LINE('',#1969,#1970);
#1969 = CARTESIAN_POINT('',(1.570796326795,0.));
#1970 = VECTOR('',#1971,1.);
#1971 = DIRECTION('',(0.,1.));
#1972 = ( GEOMETRIC_REPRESENTATION_CONTEXT(2) 
PARAMETRIC_REPRESENTATION_CONTEXT() REPRESENTATION_CONTEXT('2D SPACE',''
  ) );
#1973 = ORIENTED_EDGE('',*,*,#1974,.F.);
#1974 = EDGE_CURVE('',#962,#1947,#1975,.T.);
#1975 = SURFACE_CURVE('',#1976,(#1980,#1987),.PCURVE_S1.);
#1976 = LINE('',#1977,#1978);
#1977 = CARTESIAN_POINT('',(-27.50251249937,19.477387505667,
    -27.50251249937));
#1978 = VECTOR('',#1979,1.);
#1979 = DIRECTION('',(1.,0.,-0.));
#1980 = PCURVE('',#977,#1981);
#1981 = DEFINITIONAL_REPRESENTATION('',(#1982),#1986);
#1982 = LINE('',#1983,#1984);
#1983 = CARTESIAN_POINT('',(0.,46.979900005037));
#1984 = VECTOR('',#1985,1.);
#1985 = DIRECTION('',(1.,0.));
#1986 = ( GEOMETRIC_REPRESENTATION_CONTEXT(2) 
PARAMETRIC_REPRESENTATION_CONTEXT() REPRESENTATION_CONTEXT('2D SPACE',''
  ) );
#1987 = PCURVE('',#1988,#1993);
#1988 = CYLINDRICAL_SURFACE('',#1989,8.025124993703);
#1989 = AXIS2_PLACEMENT_3D('',#1990,#1991,#1992);
#1990 = CARTESIAN_POINT('',(-27.50251249937,19.477387505667,
    -19.47738750566));
#1991 = DIRECTION('',(1.,0.,-0.));
#1992 = DIRECTION('',(0.,1.,0.));
#1993 = DEFINITIONAL_REPRESENTATION('',(#1994),#1998);
#1994 = LINE('',#1995,#1996);
#1995 = CARTESIAN_POINT('',(-1.570796326795,0.));
#1996 = VECTOR('',#1997,1.);
#1997 = DIRECTION('',(-0.,1.));
#1998 = ( GEOMETRIC_REPRESENTATION_CONTEXT(2) 
PARAMETRIC_REPRESENTATION_CONTEXT() REPRESENTATION_CONTEXT('2D SPACE',''
  ) );
#1999 = FACE_BOUND('',#2000,.F.);
#2000 = EDGE_LOOP('',(#2001));
#2001 = ORIENTED_EDGE('',*,*,#2002,.F.);
#2002 = EDGE_CURVE('',#2003,#2003,#2005,.T.);
#2003 = VERTEX_POINT('',#2004);
#2004 = CARTESIAN_POINT('',(-8.972362506926,-12.98492500377,
    -27.50251249937));
#2005 = SURFACE_CURVE('',#2006,(#2011,#2018),.PCURVE_S1.);
#2006 = CIRCLE('',#2007,4.012562496852);
#2007 = AXIS2_PLACEMENT_3D('',#2008,#2009,#2010);
#2008 = CARTESIAN_POINT('',(-12.98492500377,-12.98492500377,
    -27.50251249937));
#2009 = DIRECTION('',(0.,0.,1.));
#2010 = DIRECTION('',(1.,0.,-0.));
#2011 = PCURVE('',#977,#2012);
#2012 = DEFINITIONAL_REPRESENTATION('',(#2013),#2017);
#2013 = CIRCLE('',#2014,4.012562496852);
#2014 = AXIS2_PLACEMENT_2D('',#2015,#2016);
#2015 = CARTESIAN_POINT('',(14.517587495592,14.517587495592));
#2016 = DIRECTION('',(1.,0.));
#2017 = ( GEOMETRIC_REPRESENTATION_CONTEXT(2) 
PARAMETRIC_REPRESENTATION_CONTEXT() REPRESENTATION_CONTEXT('2D SPACE',''
  ) );
#2018 = PCURVE('',#2019,#2024);
#2019 = SPHERICAL_SURFACE('',#2020,5.196609388381);
#2020 = AXIS2_PLACEMENT_3D('',#2021,#2022,#2023);
#2021 = CARTESIAN_POINT('',(-12.98492500377,-12.98492500377,
    -30.8046468613));
#2022 = DIRECTION('',(0.,0.,1.));
#2023 = DIRECTION('',(1.,0.,-0.));
#2024 = DEFINITIONAL_REPRESENTATION('',(#2025),#2029);
#2025 = LINE('',#2026,#2027);
#2026 = CARTESIAN_POINT('',(0.,0.688578446147));
#2027 = VECTOR('',#2028,1.);
#2028 = DIRECTION('',(1.,0.));
#2029 = ( GEOMETRIC_REPRESENTATION_CONTEXT(2) 
PARAMETRIC_REPRESENTATION_CONTEXT() REPRESENTATION_CONTEXT('2D SPACE',''
  ) );
#2030 = FACE_BOUND('',#2031,.F.);
#2031 = EDGE_LOOP('',(#2032));
#2032 = ORIENTED_EDGE('',*,*,#2033,.F.);
#2033 = EDGE_CURVE('',#2034,#2034,#2036,.T.);
#2034 = VERTEX_POINT('',#2035);
#2035 = CARTESIAN_POINT('',(16.99748750063,-12.98492500377,
    -27.50251249937));
#2036 = SURFACE_CURVE('',#2037,(#2042,#2049),.PCURVE_S1.);
#2037 = CIRCLE('',#2038,4.012562496852);
#2038 = AXIS2_PLACEMENT_3D('',#2039,#2040,#2041);
#2039 = CARTESIAN_POINT('',(12.984925003778,-12.98492500377,
    -27.50251249937));
#2040 = DIRECTION('',(0.,0.,1.));
#2041 = DIRECTION('',(1.,0.,-0.));
#2042 = PCURVE('',#977,#2043);
#2043 = DEFINITIONAL_REPRESENTATION('',(#2044),#2048);
#2044 = CIRCLE('',#2045,4.012562496852);
#2045 = AXIS2_PLACEMENT_2D('',#2046,#2047);
#2046 = CARTESIAN_POINT('',(40.487437503148,14.517587495592));
#2047 = DIRECTION('',(1.,0.));
#2048 = ( GEOMETRIC_REPRESENTATION_CONTEXT(2) 
PARAMETRIC_REPRESENTATION_CONTEXT() REPRESENTATION_CONTEXT('2D SPACE',''
  ) );
#2049 = PCURVE('',#2050,#2055);
#2050 = SPHERICAL_SURFACE('',#2051,5.196609388381);
#2051 = AXIS2_PLACEMENT_3D('',#2052,#2053,#2054);
#2052 = CARTESIAN_POINT('',(12.984925003778,-12.98492500377,
    -30.8046468613));
#2053 = DIRECTION('',(0.,0.,1.));
#2054 = DIRECTION('',(1.,0.,-0.));
#2055 = DEFINITIONAL_REPRESENTATION('',(#2056),#2060);
#2056 = LINE('',#2057,#2058);
#2057 = CARTESIAN_POINT('',(0.,0.688578446147));
#2058 = VECTOR('',#2059,1.);
#2059 = DIRECTION('',(1.,0.));
#2060 = ( GEOMETRIC_REPRESENTATION_CONTEXT(2) 
PARAMETRIC_REPRESENTATION_CONTEXT() REPRESENTATION_CONTEXT('2D SPACE',''
  ) );
#2061 = FACE_BOUND('',#2062,.F.);
#2062 = EDGE_LOOP('',(#2063));
#2063 = ORIENTED_EDGE('',*,*,#2064,.F.);
#2064 = EDGE_CURVE('',#2065,#2065,#2067,.T.);
#2065 = VERTEX_POINT('',#2066);
#2066 = CARTESIAN_POINT('',(-8.972362506926,-9.827943636296E-16,
    -27.50251249937));
#2067 = SURFACE_CURVE('',#2068,(#2073,#2080),.PCURVE_S1.);
#2068 = CIRCLE('',#2069,4.012562496852);
#2069 = AXIS2_PLACEMENT_3D('',#2070,#2071,#2072);
#2070 = CARTESIAN_POINT('',(-12.98492500377,0.,-27.50251249937));
#2071 = DIRECTION('',(0.,0.,1.));
#2072 = DIRECTION('',(1.,0.,-0.));
#2073 = PCURVE('',#977,#2074);
#2074 = DEFINITIONAL_REPRESENTATION('',(#2075),#2079);
#2075 = CIRCLE('',#2076,4.012562496852);
#2076 = AXIS2_PLACEMENT_2D('',#2077,#2078);
#2077 = CARTESIAN_POINT('',(14.517587495592,27.50251249937));
#2078 = DIRECTION('',(1.,0.));
#2079 = ( GEOMETRIC_REPRESENTATION_CONTEXT(2) 
PARAMETRIC_REPRESENTATION_CONTEXT() REPRESENTATION_CONTEXT('2D SPACE',''
  ) );
#2080 = PCURVE('',#2081,#2086);
#2081 = SPHERICAL_SURFACE('',#2082,5.196609388381);
#2082 = AXIS2_PLACEMENT_3D('',#2083,#2084,#2085);
#2083 = CARTESIAN_POINT('',(-12.98492500377,0.,-30.8046468613));
#2084 = DIRECTION('',(0.,0.,1.));
#2085 = DIRECTION('',(1.,0.,-0.));
#2086 = DEFINITIONAL_REPRESENTATION('',(#2087),#2091);
#2087 = LINE('',#2088,#2089);
#2088 = CARTESIAN_POINT('',(0.,0.688578446147));
#2089 = VECTOR('',#2090,1.);
#2090 = DIRECTION('',(1.,0.));
#2091 = ( GEOMETRIC_REPRESENTATION_CONTEXT(2) 
PARAMETRIC_REPRESENTATION_CONTEXT() REPRESENTATION_CONTEXT('2D SPACE',''
  ) );
#2092 = FACE_BOUND('',#2093,.F.);
#2093 = EDGE_LOOP('',(#2094));
#2094 = ORIENTED_EDGE('',*,*,#2095,.F.);
#2095 = EDGE_CURVE('',#2096,#2096,#2098,.T.);
#2096 = VERTEX_POINT('',#2097);
#2097 = CARTESIAN_POINT('',(-8.972362506926,12.984925003778,
    -27.50251249937));
#2098 = SURFACE_CURVE('',#2099,(#2104,#2111),.PCURVE_S1.);
#2099 = CIRCLE('',#2100,4.012562496852);
#2100 = AXIS2_PLACEMENT_3D('',#2101,#2102,#2103);
#2101 = CARTESIAN_POINT('',(-12.98492500377,12.984925003778,
    -27.50251249937));
#2102 = DIRECTION('',(0.,0.,1.));
#2103 = DIRECTION('',(1.,0.,-0.));
#2104 = PCURVE('',#977,#2105);
#2105 = DEFINITIONAL_REPRESENTATION('',(#2106),#2110);
#2106 = CIRCLE('',#2107,4.012562496852);
#2107 = AXIS2_PLACEMENT_2D('',#2108,#2109);
#2108 = CARTESIAN_POINT('',(14.517587495592,40.487437503148));
#2109 = DIRECTION('',(1.,0.));
#2110 = ( GEOMETRIC_REPRESENTATION_CONTEXT(2) 
PARAMETRIC_REPRESENTATION_CONTEXT() REPRESENTATION_CONTEXT('2D SPACE',''
  ) );
#2111 = PCURVE('',#2112,#2117);
#2112 = SPHERICAL_SURFACE('',#2113,5.196609388381);
#2113 = AXIS2_PLACEMENT_3D('',#2114,#2115,#2116);
#2114 = CARTESIAN_POINT('',(-12.98492500377,12.984925003778,
    -30.8046468613));
#2115 = DIRECTION('',(0.,0.,1.));
#2116 = DIRECTION('',(1.,0.,-0.));
#2117 = DEFINITIONAL_REPRESENTATION('',(#2118),#2122);
#2118 = LINE('',#2119,#2120);
#2119 = CARTESIAN_POINT('',(0.,0.688578446147));
#2120 = VECTOR('',#2121,1.);
#2121 = DIRECTION('',(1.,0.));
#2122 = ( GEOMETRIC_REPRESENTATION_CONTEXT(2) 
PARAMETRIC_REPRESENTATION_CONTEXT() REPRESENTATION_CONTEXT('2D SPACE',''
  ) );
#2123 = FACE_BOUND('',#2124,.F.);
#2124 = EDGE_LOOP('',(#2125));
#2125 = ORIENTED_EDGE('',*,*,#2126,.F.);
#2126 = EDGE_CURVE('',#2127,#2127,#2129,.T.);
#2127 = VERTEX_POINT('',#2128);
#2128 = CARTESIAN_POINT('',(16.99748750063,-9.827943636296E-16,
    -27.50251249937));
#2129 = SURFACE_CURVE('',#2130,(#2135,#2142),.PCURVE_S1.);
#2130 = CIRCLE('',#2131,4.012562496852);
#2131 = AXIS2_PLACEMENT_3D('',#2132,#2133,#2134);
#2132 = CARTESIAN_POINT('',(12.984925003778,0.,-27.50251249937));
#2133 = DIRECTION('',(0.,0.,1.));
#2134 = DIRECTION('',(1.,0.,-0.));
#2135 = PCURVE('',#977,#2136);
#2136 = DEFINITIONAL_REPRESENTATION('',(#2137),#2141);
#2137 = CIRCLE('',#2138,4.012562496852);
#2138 = AXIS2_PLACEMENT_2D('',#2139,#2140);
#2139 = CARTESIAN_POINT('',(40.487437503148,27.50251249937));
#2140 = DIRECTION('',(1.,0.));
#2141 = ( GEOMETRIC_REPRESENTATION_CONTEXT(2) 
PARAMETRIC_REPRESENTATION_CONTEXT() REPRESENTATION_CONTEXT('2D SPACE',''
  ) );
#2142 = PCURVE('',#2143,#2148);
#2143 = SPHERICAL_SURFACE('',#2144,5.196609388381);
#2144 = AXIS2_PLACEMENT_3D('',#2145,#2146,#2147);
#2145 = CARTESIAN_POINT('',(12.984925003778,0.,-30.8046468613));
#2146 = DIRECTION('',(0.,0.,1.));
#2147 = DIRECTION('',(1.,0.,-0.));
#2148 = DEFINITIONAL_REPRESENTATION('',(#2149),#2153);
#2149 = LINE('',#2150,#2151);
#2150 = CARTESIAN_POINT('',(0.,0.688578446147));
#2151 = VECTOR('',#2152,1.);
#2152 = DIRECTION('',(1.,0.));
#2153 = ( GEOMETRIC_REPRESENTATION_CONTEXT(2) 
PARAMETRIC_REPRESENTATION_CONTEXT() REPRESENTATION_CONTEXT('2D SPACE',''
  ) );
#2154 = FACE_BOUND('',#2155,.F.);
#2155 = EDGE_LOOP('',(#2156));
#2156 = ORIENTED_EDGE('',*,*,#2157,.F.);
#2157 = EDGE_CURVE('',#2158,#2158,#2160,.T.);
#2158 = VERTEX_POINT('',#2159);
#2159 = CARTESIAN_POINT('',(16.99748750063,12.984925003778,
    -27.50251249937));
#2160 = SURFACE_CURVE('',#2161,(#2166,#2173),.PCURVE_S1.);
#2161 = CIRCLE('',#2162,4.012562496852);
#2162 = AXIS2_PLACEMENT_3D('',#2163,#2164,#2165);
#2163 = CARTESIAN_POINT('',(12.984925003778,12.984925003778,
    -27.50251249937));
#2164 = DIRECTION('',(0.,0.,1.));
#2165 = DIRECTION('',(1.,0.,-0.));
#2166 = PCURVE('',#977,#2167);
#2167 = DEFINITIONAL_REPRESENTATION('',(#2168),#2172);
#2168 = CIRCLE('',#2169,4.012562496852);
#2169 = AXIS2_PLACEMENT_2D('',#2170,#2171);
#2170 = CARTESIAN_POINT('',(40.487437503148,40.487437503148));
#2171 = DIRECTION('',(1.,0.));
#2172 = ( GEOMETRIC_REPRESENTATION_CONTEXT(2) 
PARAMETRIC_REPRESENTATION_CONTEXT() REPRESENTATION_CONTEXT('2D SPACE',''
  ) );
#2173 = PCURVE('',#2174,#2179);
#2174 = SPHERICAL_SURFACE('',#2175,5.196609388381);
#2175 = AXIS2_PLACEMENT_3D('',#2176,#2177,#2178);
#2176 = CARTESIAN_POINT('',(12.984925003778,12.984925003778,
    -30.8046468613));
#2177 = DIRECTION('',(0.,0.,1.));
#2178 = DIRECTION('',(1.,0.,-0.));
#2179 = DEFINITIONAL_REPRESENTATION('',(#2180),#2184);
#2180 = LINE('',#2181,#2182);
#2181 = CARTESIAN_POINT('',(0.,0.688578446147));
#2182 = VECTOR('',#2183,1.);
#2183 = DIRECTION('',(1.,0.));
#2184 = ( GEOMETRIC_REPRESENTATION_CONTEXT(2) 
PARAMETRIC_REPRESENTATION_CONTEXT() REPRESENTATION_CONTEXT('2D SPACE',''
  ) );
#2185 = ADVANCED_FACE('',(#2186),#1003,.T.);
#2186 = FACE_BOUND('',#2187,.F.);
#2187 = EDGE_LOOP('',(#2188,#2189,#2209));
#2188 = ORIENTED_EDGE('',*,*,#989,.F.);
#2189 = ORIENTED_EDGE('',*,*,#2190,.T.);
#2190 = EDGE_CURVE('',#962,#1101,#2191,.T.);
#2191 = SURFACE_CURVE('',#2192,(#2197,#2203),.PCURVE_S1.);
#2192 = CIRCLE('',#2193,8.025124993703);
#2193 = AXIS2_PLACEMENT_3D('',#2194,#2195,#2196);
#2194 = CARTESIAN_POINT('',(-19.47738750566,19.477387505667,
    -19.47738750566));
#2195 = DIRECTION('',(1.,6.123233995737E-17,-0.));
#2196 = DIRECTION('',(-6.123233995737E-17,1.,0.));
#2197 = PCURVE('',#1003,#2198);
#2198 = DEFINITIONAL_REPRESENTATION('',(#2199),#2202);
#2199 = B_SPLINE_CURVE_WITH_KNOTS('',1,(#2200,#2201),.UNSPECIFIED.,.F.,
  .F.,(2,2),(4.712388980385,6.28318530718),.PIECEWISE_BEZIER_KNOTS.);
#2200 = CARTESIAN_POINT('',(-1.570796326795,-1.570796326795));
#2201 = CARTESIAN_POINT('',(-1.570796326795,0.));
#2202 = ( GEOMETRIC_REPRESENTATION_CONTEXT(2) 
PARAMETRIC_REPRESENTATION_CONTEXT() REPRESENTATION_CONTEXT('2D SPACE',''
  ) );
#2203 = PCURVE('',#1988,#2204);
#2204 = DEFINITIONAL_REPRESENTATION('',(#2205),#2208);
#2205 = B_SPLINE_CURVE_WITH_KNOTS('',1,(#2206,#2207),.UNSPECIFIED.,.F.,
  .F.,(2,2),(4.712388980385,6.28318530718),.PIECEWISE_BEZIER_KNOTS.);
#2206 = CARTESIAN_POINT('',(-1.570796326795,8.025124993703));
#2207 = CARTESIAN_POINT('',(0.,8.025124993703));
#2208 = ( GEOMETRIC_REPRESENTATION_CONTEXT(2) 
PARAMETRIC_REPRESENTATION_CONTEXT() REPRESENTATION_CONTEXT('2D SPACE',''
  ) );
#2209 = ORIENTED_EDGE('',*,*,#1100,.F.);
#2210 = ADVANCED_FACE('',(#2211,#2291),#1056,.T.);
#2211 = FACE_BOUND('',#2212,.T.);
#2212 = EDGE_LOOP('',(#2213,#2214,#2237,#2265));
#2213 = ORIENTED_EDGE('',*,*,#1040,.F.);
#2214 = ORIENTED_EDGE('',*,*,#2215,.T.);
#2215 = EDGE_CURVE('',#1019,#2216,#2218,.T.);
#2216 = VERTEX_POINT('',#2217);
#2217 = CARTESIAN_POINT('',(19.477387505667,-19.47738750566,
    27.50251249937));
#2218 = SURFACE_CURVE('',#2219,(#2223,#2230),.PCURVE_S1.);
#2219 = LINE('',#2220,#2221);
#2220 = CARTESIAN_POINT('',(-27.50251249937,-19.47738750566,
    27.50251249937));
#2221 = VECTOR('',#2222,1.);
#2222 = DIRECTION('',(1.,0.,-0.));
#2223 = PCURVE('',#1056,#2224);
#2224 = DEFINITIONAL_REPRESENTATION('',(#2225),#2229);
#2225 = LINE('',#2226,#2227);
#2226 = CARTESIAN_POINT('',(0.,8.025124993703));
#2227 = VECTOR('',#2228,1.);
#2228 = DIRECTION('',(1.,0.));
#2229 = ( GEOMETRIC_REPRESENTATION_CONTEXT(2) 
PARAMETRIC_REPRESENTATION_CONTEXT() REPRESENTATION_CONTEXT('2D SPACE',''
  ) );
#2230 = PCURVE('',#1375,#2231);
#2231 = DEFINITIONAL_REPRESENTATION('',(#2232),#2236);
#2232 = LINE('',#2233,#2234);
#2233 = CARTESIAN_POINT('',(-1.570796326795,0.));
#2234 = VECTOR('',#2235,1.);
#2235 = DIRECTION('',(-0.,1.));
#2236 = ( GEOMETRIC_REPRESENTATION_CONTEXT(2) 
PARAMETRIC_REPRESENTATION_CONTEXT() REPRESENTATION_CONTEXT('2D SPACE',''
  ) );
#2237 = ORIENTED_EDGE('',*,*,#2238,.T.);
#2238 = EDGE_CURVE('',#2216,#2239,#2241,.T.);
#2239 = VERTEX_POINT('',#2240);
#2240 = CARTESIAN_POINT('',(19.477387505667,19.477387505667,
    27.50251249937));
#2241 = SURFACE_CURVE('',#2242,(#2246,#2253),.PCURVE_S1.);
#2242 = LINE('',#2243,#2244);
#2243 = CARTESIAN_POINT('',(19.477387505667,-27.50251249937,
    27.50251249937));
#2244 = VECTOR('',#2245,1.);
#2245 = DIRECTION('',(-0.,1.,0.));
#2246 = PCURVE('',#1056,#2247);
#2247 = DEFINITIONAL_REPRESENTATION('',(#2248),#2252);
#2248 = LINE('',#2249,#2250);
#2249 = CARTESIAN_POINT('',(46.979900005037,0.));
#2250 = VECTOR('',#2251,1.);
#2251 = DIRECTION('',(0.,1.));
#2252 = ( GEOMETRIC_REPRESENTATION_CONTEXT(2) 
PARAMETRIC_REPRESENTATION_CONTEXT() REPRESENTATION_CONTEXT('2D SPACE',''
  ) );
#2253 = PCURVE('',#2254,#2259);
#2254 = CYLINDRICAL_SURFACE('',#2255,8.025124993703);
#2255 = AXIS2_PLACEMENT_3D('',#2256,#2257,#2258);
#2256 = CARTESIAN_POINT('',(19.477387505667,-27.50251249937,
    19.477387505667));
#2257 = DIRECTION('',(-0.,1.,0.));
#2258 = DIRECTION('',(1.,0.,-0.));
#2259 = DEFINITIONAL_REPRESENTATION('',(#2260),#2264);
#2260 = LINE('',#2261,#2262);
#2261 = CARTESIAN_POINT('',(-1.570796326795,0.));
#2262 = VECTOR('',#2263,1.);
#2263 = DIRECTION('',(-0.,1.));
#2264 = ( GEOMETRIC_REPRESENTATION_CONTEXT(2) 
PARAMETRIC_REPRESENTATION_CONTEXT() REPRESENTATION_CONTEXT('2D SPACE',''
  ) );
#2265 = ORIENTED_EDGE('',*,*,#2266,.F.);
#2266 = EDGE_CURVE('',#1041,#2239,#2267,.T.);
#2267 = SURFACE_CURVE('',#2268,(#2272,#2279),.PCURVE_S1.);
#2268 = LINE('',#2269,#2270);
#2269 = CARTESIAN_POINT('',(-27.50251249937,19.477387505667,
    27.50251249937));
#2270 = VECTOR('',#2271,1.);
#2271 = DIRECTION('',(1.,0.,-0.));
#2272 = PCURVE('',#1056,#2273);
#2273 = DEFINITIONAL_REPRESENTATION('',(#2274),#2278);
#2274 = LINE('',#2275,#2276);
#2275 = CARTESIAN_POINT('',(0.,46.979900005037));
#2276 = VECTOR('',#2277,1.);
#2277 = DIRECTION('',(1.,0.));
#2278 = ( GEOMETRIC_REPRESENTATION_CONTEXT(2) 
PARAMETRIC_REPRESENTATION_CONTEXT() REPRESENTATION_CONTEXT('2D SPACE',''
  ) );
#2279 = PCURVE('',#2280,#2285);
#2280 = CYLINDRICAL_SURFACE('',#2281,8.025124993703);
#2281 = AXIS2_PLACEMENT_3D('',#2282,#2283,#2284);
#2282 = CARTESIAN_POINT('',(-27.50251249937,19.477387505667,
    19.477387505667));
#2283 = DIRECTION('',(1.,0.,-0.));
#2284 = DIRECTION('',(0.,1.,0.));
#2285 = DEFINITIONAL_REPRESENTATION('',(#2286),#2290);
#2286 = LINE('',#2287,#2288);
#2287 = CARTESIAN_POINT('',(1.570796326795,0.));
#2288 = VECTOR('',#2289,1.);
#2289 = DIRECTION('',(0.,1.));
#2290 = ( GEOMETRIC_REPRESENTATION_CONTEXT(2) 
PARAMETRIC_REPRESENTATION_CONTEXT() REPRESENTATION_CONTEXT('2D SPACE',''
  ) );
#2291 = FACE_BOUND('',#2292,.T.);
#2292 = EDGE_LOOP('',(#2293));
#2293 = ORIENTED_EDGE('',*,*,#2294,.F.);
#2294 = EDGE_CURVE('',#2295,#2295,#2297,.T.);
#2295 = VERTEX_POINT('',#2296);
#2296 = CARTESIAN_POINT('',(4.012562496852,-9.827943636296E-16,
    27.50251249937));
#2297 = SURFACE_CURVE('',#2298,(#2303,#2310),.PCURVE_S1.);
#2298 = CIRCLE('',#2299,4.012562496852);
#2299 = AXIS2_PLACEMENT_3D('',#2300,#2301,#2302);
#2300 = CARTESIAN_POINT('',(0.,0.,27.50251249937));
#2301 = DIRECTION('',(0.,0.,1.));
#2302 = DIRECTION('',(1.,0.,-0.));
#2303 = PCURVE('',#1056,#2304);
#2304 = DEFINITIONAL_REPRESENTATION('',(#2305),#2309);
#2305 = CIRCLE('',#2306,4.012562496852);
#2306 = AXIS2_PLACEMENT_2D('',#2307,#2308);
#2307 = CARTESIAN_POINT('',(27.50251249937,27.50251249937));
#2308 = DIRECTION('',(1.,0.));
#2309 = ( GEOMETRIC_REPRESENTATION_CONTEXT(2) 
PARAMETRIC_REPRESENTATION_CONTEXT() REPRESENTATION_CONTEXT('2D SPACE',''
  ) );
#2310 = PCURVE('',#2311,#2316);
#2311 = SPHERICAL_SURFACE('',#2312,5.196609388381);
#2312 = AXIS2_PLACEMENT_3D('',#2313,#2314,#2315);
#2313 = CARTESIAN_POINT('',(0.,0.,30.804646861304));
#2314 = DIRECTION('',(0.,0.,1.));
#2315 = DIRECTION('',(1.,0.,-0.));
#2316 = DEFINITIONAL_REPRESENTATION('',(#2317),#2321);
#2317 = LINE('',#2318,#2319);
#2318 = CARTESIAN_POINT('',(0.,-0.688578446147));
#2319 = VECTOR('',#2320,1.);
#2320 = DIRECTION('',(1.,0.));
#2321 = ( GEOMETRIC_REPRESENTATION_CONTEXT(2) 
PARAMETRIC_REPRESENTATION_CONTEXT() REPRESENTATION_CONTEXT('2D SPACE',''
  ) );
#2322 = ADVANCED_FACE('',(#2323),#1083,.T.);
#2323 = FACE_BOUND('',#2324,.F.);
#2324 = EDGE_LOOP('',(#2325,#2326,#2346));
#2325 = ORIENTED_EDGE('',*,*,#1152,.F.);
#2326 = ORIENTED_EDGE('',*,*,#2327,.T.);
#2327 = EDGE_CURVE('',#1125,#1041,#2328,.T.);
#2328 = SURFACE_CURVE('',#2329,(#2334,#2340),.PCURVE_S1.);
#2329 = CIRCLE('',#2330,8.025124993703);
#2330 = AXIS2_PLACEMENT_3D('',#2331,#2332,#2333);
#2331 = CARTESIAN_POINT('',(-19.47738750566,19.477387505667,
    19.477387505667));
#2332 = DIRECTION('',(1.,0.,6.123233995737E-17));
#2333 = DIRECTION('',(-6.123233995737E-17,-0.,1.));
#2334 = PCURVE('',#1083,#2335);
#2335 = DEFINITIONAL_REPRESENTATION('',(#2336),#2339);
#2336 = B_SPLINE_CURVE_WITH_KNOTS('',1,(#2337,#2338),.UNSPECIFIED.,.F.,
  .F.,(2,2),(4.712388980385,6.28318530718),.PIECEWISE_BEZIER_KNOTS.);
#2337 = CARTESIAN_POINT('',(-1.570796326795,-1.570796326795));
#2338 = CARTESIAN_POINT('',(-1.570796326795,0.));
#2339 = ( GEOMETRIC_REPRESENTATION_CONTEXT(2) 
PARAMETRIC_REPRESENTATION_CONTEXT() REPRESENTATION_CONTEXT('2D SPACE',''
  ) );
#2340 = PCURVE('',#2280,#2341);
#2341 = DEFINITIONAL_REPRESENTATION('',(#2342),#2345);
#2342 = B_SPLINE_CURVE_WITH_KNOTS('',1,(#2343,#2344),.UNSPECIFIED.,.F.,
  .F.,(2,2),(4.712388980385,6.28318530718),.PIECEWISE_BEZIER_KNOTS.);
#2343 = CARTESIAN_POINT('',(0.,8.025124993703));
#2344 = CARTESIAN_POINT('',(1.570796326795,8.025124993703));
#2345 = ( GEOMETRIC_REPRESENTATION_CONTEXT(2) 
PARAMETRIC_REPRESENTATION_CONTEXT() REPRESENTATION_CONTEXT('2D SPACE',''
  ) );
#2346 = ORIENTED_EDGE('',*,*,#1068,.F.);
#2347 = ADVANCED_FACE('',(#2348,#2423,#2537,#2651),#1140,.T.);
#2348 = FACE_BOUND('',#2349,.T.);
#2349 = EDGE_LOOP('',(#2350,#2351,#2374,#2402));
#2350 = ORIENTED_EDGE('',*,*,#1124,.T.);
#2351 = ORIENTED_EDGE('',*,*,#2352,.T.);
#2352 = EDGE_CURVE('',#1125,#2353,#2355,.T.);
#2353 = VERTEX_POINT('',#2354);
#2354 = CARTESIAN_POINT('',(19.477387505667,27.50251249937,
    19.477387505667));
#2355 = SURFACE_CURVE('',#2356,(#2360,#2367),.PCURVE_S1.);
#2356 = LINE('',#2357,#2358);
#2357 = CARTESIAN_POINT('',(-27.50251249937,27.50251249937,
    19.477387505667));
#2358 = VECTOR('',#2359,1.);
#2359 = DIRECTION('',(1.,0.,-0.));
#2360 = PCURVE('',#1140,#2361);
#2361 = DEFINITIONAL_REPRESENTATION('',(#2362),#2366);
#2362 = LINE('',#2363,#2364);
#2363 = CARTESIAN_POINT('',(46.979900005037,0.));
#2364 = VECTOR('',#2365,1.);
#2365 = DIRECTION('',(0.,1.));
#2366 = ( GEOMETRIC_REPRESENTATION_CONTEXT(2) 
PARAMETRIC_REPRESENTATION_CONTEXT() REPRESENTATION_CONTEXT('2D SPACE',''
  ) );
#2367 = PCURVE('',#2280,#2368);
#2368 = DEFINITIONAL_REPRESENTATION('',(#2369),#2373);
#2369 = LINE('',#2370,#2371);
#2370 = CARTESIAN_POINT('',(0.,0.));
#2371 = VECTOR('',#2372,1.);
#2372 = DIRECTION('',(0.,1.));
#2373 = ( GEOMETRIC_REPRESENTATION_CONTEXT(2) 
PARAMETRIC_REPRESENTATION_CONTEXT() REPRESENTATION_CONTEXT('2D SPACE',''
  ) );
#2374 = ORIENTED_EDGE('',*,*,#2375,.F.);
#2375 = EDGE_CURVE('',#2376,#2353,#2378,.T.);
#2376 = VERTEX_POINT('',#2377);
#2377 = CARTESIAN_POINT('',(19.477387505667,27.50251249937,
    -19.47738750566));
#2378 = SURFACE_CURVE('',#2379,(#2383,#2390),.PCURVE_S1.);
#2379 = LINE('',#2380,#2381);
#2380 = CARTESIAN_POINT('',(19.477387505667,27.50251249937,
    -27.50251249937));
#2381 = VECTOR('',#2382,1.);
#2382 = DIRECTION('',(0.,0.,1.));
#2383 = PCURVE('',#1140,#2384);
#2384 = DEFINITIONAL_REPRESENTATION('',(#2385),#2389);
#2385 = LINE('',#2386,#2387);
#2386 = CARTESIAN_POINT('',(0.,46.979900005037));
#2387 = VECTOR('',#2388,1.);
#2388 = DIRECTION('',(1.,0.));
#2389 = ( GEOMETRIC_REPRESENTATION_CONTEXT(2) 
PARAMETRIC_REPRESENTATION_CONTEXT() REPRESENTATION_CONTEXT('2D SPACE',''
  ) );
#2390 = PCURVE('',#2391,#2396);
#2391 = CYLINDRICAL_SURFACE('',#2392,8.025124993703);
#2392 = AXIS2_PLACEMENT_3D('',#2393,#2394,#2395);
#2393 = CARTESIAN_POINT('',(19.477387505667,19.477387505667,
    -27.50251249937));
#2394 = DIRECTION('',(0.,0.,1.));
#2395 = DIRECTION('',(1.,0.,-0.));
#2396 = DEFINITIONAL_REPRESENTATION('',(#2397),#2401);
#2397 = LINE('',#2398,#2399);
#2398 = CARTESIAN_POINT('',(1.570796326795,0.));
#2399 = VECTOR('',#2400,1.);
#2400 = DIRECTION('',(0.,1.));
#2401 = ( GEOMETRIC_REPRESENTATION_CONTEXT(2) 
PARAMETRIC_REPRESENTATION_CONTEXT() REPRESENTATION_CONTEXT('2D SPACE',''
  ) );
#2402 = ORIENTED_EDGE('',*,*,#2403,.F.);
#2403 = EDGE_CURVE('',#1101,#2376,#2404,.T.);
#2404 = SURFACE_CURVE('',#2405,(#2409,#2416),.PCURVE_S1.);
#2405 = LINE('',#2406,#2407);
#2406 = CARTESIAN_POINT('',(-27.50251249937,27.50251249937,
    -19.47738750566));
#2407 = VECTOR('',#2408,1.);
#2408 = DIRECTION('',(1.,0.,-0.));
#2409 = PCURVE('',#1140,#2410);
#2410 = DEFINITIONAL_REPRESENTATION('',(#2411),#2415);
#2411 = LINE('',#2412,#2413);
#2412 = CARTESIAN_POINT('',(8.025124993703,0.));
#2413 = VECTOR('',#2414,1.);
#2414 = DIRECTION('',(0.,1.));
#2415 = ( GEOMETRIC_REPRESENTATION_CONTEXT(2) 
PARAMETRIC_REPRESENTATION_CONTEXT() REPRESENTATION_CONTEXT('2D SPACE',''
  ) );
#2416 = PCURVE('',#1988,#2417);
#2417 = DEFINITIONAL_REPRESENTATION('',(#2418),#2422);
#2418 = LINE('',#2419,#2420);
#2419 = CARTESIAN_POINT('',(-0.,0.));
#2420 = VECTOR('',#2421,1.);
#2421 = DIRECTION('',(-0.,1.));
#2422 = ( GEOMETRIC_REPRESENTATION_CONTEXT(2) 
PARAMETRIC_REPRESENTATION_CONTEXT() REPRESENTATION_CONTEXT('2D SPACE',''
  ) );
#2423 = FACE_BOUND('',#2424,.T.);
#2424 = EDGE_LOOP('',(#2425));
#2425 = ORIENTED_EDGE('',*,*,#2426,.F.);
#2426 = EDGE_CURVE('',#2427,#2427,#2429,.T.);
#2427 = VERTEX_POINT('',#2428);
#2428 = CARTESIAN_POINT('',(-12.98492500377,27.50251249937,
    -8.972362506926));
#2429 = SURFACE_CURVE('',#2430,(#2435,#2442),.PCURVE_S1.);
#2430 = CIRCLE('',#2431,4.012562496852);
#2431 = AXIS2_PLACEMENT_3D('',#2432,#2433,#2434);
#2432 = CARTESIAN_POINT('',(-12.98492500377,27.50251249937,
    -12.98492500377));
#2433 = DIRECTION('',(-0.,1.,0.));
#2434 = DIRECTION('',(0.,0.,1.));
#2435 = PCURVE('',#1140,#2436);
#2436 = DEFINITIONAL_REPRESENTATION('',(#2437),#2441);
#2437 = CIRCLE('',#2438,4.012562496852);
#2438 = AXIS2_PLACEMENT_2D('',#2439,#2440);
#2439 = CARTESIAN_POINT('',(14.517587495592,14.517587495592));
#2440 = DIRECTION('',(1.,0.));
#2441 = ( GEOMETRIC_REPRESENTATION_CONTEXT(2) 
PARAMETRIC_REPRESENTATION_CONTEXT() REPRESENTATION_CONTEXT('2D SPACE',''
  ) );
#2442 = PCURVE('',#2443,#2448);
#2443 = SPHERICAL_SURFACE('',#2444,5.196609388381);
#2444 = AXIS2_PLACEMENT_3D('',#2445,#2446,#2447);
#2445 = CARTESIAN_POINT('',(-12.98492500377,30.804646861304,
    -12.98492500377));
#2446 = DIRECTION('',(0.,0.,1.));
#2447 = DIRECTION('',(1.,0.,-0.));
#2448 = DEFINITIONAL_REPRESENTATION('',(#2449),#2536);
#2449 = B_SPLINE_CURVE_WITH_KNOTS('',8,(#2450,#2451,#2452,#2453,#2454,
    #2455,#2456,#2457,#2458,#2459,#2460,#2461,#2462,#2463,#2464,#2465,
    #2466,#2467,#2468,#2469,#2470,#2471,#2472,#2473,#2474,#2475,#2476,
    #2477,#2478,#2479,#2480,#2481,#2482,#2483,#2484,#2485,#2486,#2487,
    #2488,#2489,#2490,#2491,#2492,#2493,#2494,#2495,#2496,#2497,#2498,
    #2499,#2500,#2501,#2502,#2503,#2504,#2505,#2506,#2507,#2508,#2509,
    #2510,#2511,#2512,#2513,#2514,#2515,#2516,#2517,#2518,#2519,#2520,
    #2521,#2522,#2523,#2524,#2525,#2526,#2527,#2528,#2529,#2530,#2531,
    #2532,#2533,#2534,#2535),.UNSPECIFIED.,.F.,.F.,(9,7,7,7,7,7,7,7,7,7,
    7,7,9),(0.,0.392699081699,0.760854470791,1.45114582534,2.05515076057
    ,2.583655078896,3.046096357431,3.45073247615,3.804789080029,
    4.424388136816,5.353786721998,5.818486014589,6.28318530718),
  .UNSPECIFIED.);
#2450 = CARTESIAN_POINT('',(4.712388980385,0.882217880648));
#2451 = CARTESIAN_POINT('',(4.77203712894,0.882217880648));
#2452 = CARTESIAN_POINT('',(4.831685235812,0.878871610788));
#2453 = CARTESIAN_POINT('',(4.89046786516,0.872179224232));
#2454 = CARTESIAN_POINT('',(4.947517945988,0.862233438388));
#2455 = CARTESIAN_POINT('',(5.002112124592,0.849223059582));
#2456 = CARTESIAN_POINT('',(5.053803971467,0.833391676126));
#2457 = CARTESIAN_POINT('',(5.102348841699,0.814998585715));
#2458 = CARTESIAN_POINT('',(5.190136850807,0.774896318436));
#2459 = CARTESIAN_POINT('',(5.229771859855,0.753466102577));
#2460 = CARTESIAN_POINT('',(5.266489814522,0.730222171773));
#2461 = CARTESIAN_POINT('',(5.300339275142,0.705372651142));
#2462 = CARTESIAN_POINT('',(5.331440011055,0.679110142956));
#2463 = CARTESIAN_POINT('',(5.359944970255,0.651605850559));
#2464 = CARTESIAN_POINT('',(5.386015564474,0.623009296142));
#2465 = CARTESIAN_POINT('',(5.454425342128,0.538036762786));
#2466 = CARTESIAN_POINT('',(5.491039367311,0.479247537413));
#2467 = CARTESIAN_POINT('',(5.520699024964,0.417959953873));
#2468 = CARTESIAN_POINT('',(5.544412839379,0.354823104448));
#2469 = CARTESIAN_POINT('',(5.562886855696,0.290319099543));
#2470 = CARTESIAN_POINT('',(5.576637990419,0.224843118521));
#2471 = CARTESIAN_POINT('',(5.585987028763,0.158731347981));
#2472 = CARTESIAN_POINT('',(5.595543618899,3.417042894281E-02));
#2473 = CARTESIAN_POINT('',(5.596747666549,-2.420357052207E-02));
#2474 = CARTESIAN_POINT('',(5.594796292031,-8.261224150871E-02));
#2475 = CARTESIAN_POINT('',(5.589686200755,-0.140857744837));
#2476 = CARTESIAN_POINT('',(5.581319308666,-0.198738375208));
#2477 = CARTESIAN_POINT('',(5.569495350659,-0.256033931358));
#2478 = CARTESIAN_POINT('',(5.553898502362,-0.31248737625));
#2479 = CARTESIAN_POINT('',(5.516754180933,-0.416155010518));
#2480 = CARTESIAN_POINT('',(5.496194180732,-0.463641935644));
#2481 = CARTESIAN_POINT('',(5.472114107878,-0.51002249321));
#2482 = CARTESIAN_POINT('',(5.44414479542,-0.555041441739));
#2483 = CARTESIAN_POINT('',(5.411850261629,-0.598395401638));
#2484 = CARTESIAN_POINT('',(5.374721256493,-0.639707542161));
#2485 = CARTESIAN_POINT('',(5.332235930264,-0.678509147844));
#2486 = CARTESIAN_POINT('',(5.24192380346,-0.745527552391));
#2487 = CARTESIAN_POINT('',(5.195428746689,-0.774461535283));
#2488 = CARTESIAN_POINT('',(5.14436522432,-0.800685808197));
#2489 = CARTESIAN_POINT('',(5.08863777438,-0.823794235179));
#2490 = CARTESIAN_POINT('',(5.028350937882,-0.843334363229));
#2491 = CARTESIAN_POINT('',(4.964032780501,-0.858866143003));
#2492 = CARTESIAN_POINT('',(4.896735103126,-0.87004669058));
#2493 = CARTESIAN_POINT('',(4.767369107555,-0.882521255977));
#2494 = CARTESIAN_POINT('',(4.705698745478,-0.884876144459));
#2495 = CARTESIAN_POINT('',(4.643589643782,-0.88364527401));
#2496 = CARTESIAN_POINT('',(4.582040521385,-0.8788016141));
#2497 = CARTESIAN_POINT('',(4.522078838434,-0.870438681377));
#2498 = CARTESIAN_POINT('',(4.464487000342,-0.858758339235));
#2499 = CARTESIAN_POINT('',(4.409786183011,-0.844012234133));
#2500 = CARTESIAN_POINT('',(4.313208723648,-0.811127034754));
#2501 = CARTESIAN_POINT('',(4.270583656529,-0.793642464681));
#2502 = CARTESIAN_POINT('',(4.230605656688,-0.774202463641));
#2503 = CARTESIAN_POINT('',(4.193346165394,-0.753001985019));
#2504 = CARTESIAN_POINT('',(4.158773388999,-0.730229910547));
#2505 = CARTESIAN_POINT('',(4.126793179681,-0.706060286499));
#2506 = CARTESIAN_POINT('',(4.097284633628,-0.680649905203));
#2507 = CARTESIAN_POINT('',(4.022560497477,-0.607744994778));
#2508 = CARTESIAN_POINT('',(3.982163429571,-0.5579806453));
#2509 = CARTESIAN_POINT('',(3.948197349066,-0.505597684038));
#2510 = CARTESIAN_POINT('',(3.9198199729,-0.451189955318));
#2511 = CARTESIAN_POINT('',(3.896362232039,-0.395204424836));
#2512 = CARTESIAN_POINT('',(3.877293874785,-0.338003628592));
#2513 = CARTESIAN_POINT('',(3.86222429562,-0.279886555951));
#2514 = CARTESIAN_POINT('',(3.833876489489,-0.1329597061));
#2515 = CARTESIAN_POINT('',(3.825261092299,-4.333275512471E-02));
#2516 = CARTESIAN_POINT('',(3.824136694868,4.68790433913E-02));
#2517 = CARTESIAN_POINT('',(3.830214461548,0.1369805022));
#2518 = CARTESIAN_POINT('',(3.843772622873,0.226284449873));
#2519 = CARTESIAN_POINT('',(3.865518506185,0.314024967989));
#2520 = CARTESIAN_POINT('',(3.896983966679,0.399193592734));
#2521 = CARTESIAN_POINT('',(3.962023198943,0.52075932601));
#2522 = CARTESIAN_POINT('',(3.986676264199,0.560250011188));
#2523 = CARTESIAN_POINT('',(4.014574361758,0.598515746018));
#2524 = CARTESIAN_POINT('',(4.046026380087,0.635327902789));
#2525 = CARTESIAN_POINT('',(4.081372382743,0.670417573056));
#2526 = CARTESIAN_POINT('',(4.120957426518,0.703461639009));
#2527 = CARTESIAN_POINT('',(4.16505671678,0.734079552598));
#2528 = CARTESIAN_POINT('',(4.262390516931,0.789640610002));
#2529 = CARTESIAN_POINT('',(4.315624885385,0.814583830862));
#2530 = CARTESIAN_POINT('',(4.373483686577,0.836278502203));
#2531 = CARTESIAN_POINT('',(4.435793344557,0.854285111142));
#2532 = CARTESIAN_POINT('',(4.50206882758,0.868160855438));
#2533 = CARTESIAN_POINT('',(4.571220312212,0.877532033669));
#2534 = CARTESIAN_POINT('',(4.641804520858,0.882217880648));
#2535 = CARTESIAN_POINT('',(4.712388980385,0.882217880648));
#2536 = ( GEOMETRIC_REPRESENTATION_CONTEXT(2) 
PARAMETRIC_REPRESENTATION_CONTEXT() REPRESENTATION_CONTEXT('2D SPACE',''
  ) );
#2537 = FACE_BOUND('',#2538,.T.);
#2538 = EDGE_LOOP('',(#2539));
#2539 = ORIENTED_EDGE('',*,*,#2540,.F.);
#2540 = EDGE_CURVE('',#2541,#2541,#2543,.T.);
#2541 = VERTEX_POINT('',#2542);
#2542 = CARTESIAN_POINT('',(0.,27.50251249937,4.012562496852));
#2543 = SURFACE_CURVE('',#2544,(#2549,#2556),.PCURVE_S1.);
#2544 = CIRCLE('',#2545,4.012562496852);
#2545 = AXIS2_PLACEMENT_3D('',#2546,#2547,#2548);
#2546 = CARTESIAN_POINT('',(0.,27.50251249937,0.));
#2547 = DIRECTION('',(-0.,1.,0.));
#2548 = DIRECTION('',(0.,0.,1.));
#2549 = PCURVE('',#1140,#2550);
#2550 = DEFINITIONAL_REPRESENTATION('',(#2551),#2555);
#2551 = CIRCLE('',#2552,4.012562496852);
#2552 = AXIS2_PLACEMENT_2D('',#2553,#2554);
#2553 = CARTESIAN_POINT('',(27.50251249937,27.50251249937));
#2554 = DIRECTION('',(1.,0.));
#2555 = ( GEOMETRIC_REPRESENTATION_CONTEXT(2) 
PARAMETRIC_REPRESENTATION_CONTEXT() REPRESENTATION_CONTEXT('2D SPACE',''
  ) );
#2556 = PCURVE('',#2557,#2562);
#2557 = SPHERICAL_SURFACE('',#2558,5.196609388381);
#2558 = AXIS2_PLACEMENT_3D('',#2559,#2560,#2561);
#2559 = CARTESIAN_POINT('',(0.,30.804646861304,0.));
#2560 = DIRECTION('',(0.,0.,1.));
#2561 = DIRECTION('',(1.,0.,-0.));
#2562 = DEFINITIONAL_REPRESENTATION('',(#2563),#2650);
#2563 = B_SPLINE_CURVE_WITH_KNOTS('',8,(#2564,#2565,#2566,#2567,#2568,
    #2569,#2570,#2571,#2572,#2573,#2574,#2575,#2576,#2577,#2578,#2579,
    #2580,#2581,#2582,#2583,#2584,#2585,#2586,#2587,#2588,#2589,#2590,
    #2591,#2592,#2593,#2594,#2595,#2596,#2597,#2598,#2599,#2600,#2601,
    #2602,#2603,#2604,#2605,#2606,#2607,#2608,#2609,#2610,#2611,#2612,
    #2613,#2614,#2615,#2616,#2617,#2618,#2619,#2620,#2621,#2622,#2623,
    #2624,#2625,#2626,#2627,#2628,#2629,#2630,#2631,#2632,#2633,#2634,
    #2635,#2636,#2637,#2638,#2639,#2640,#2641,#2642,#2643,#2644,#2645,
    #2646,#2647,#2648,#2649),.UNSPECIFIED.,.T.,.F.,(9,7,7,7,7,7,7,7,7,7,
    7,7,9),(0.,0.392699081699,0.760854470791,1.45114582534,2.05515076057
    ,2.583655078896,3.046096357432,3.45073247615,3.804789080029,
    4.424388136816,5.353786721998,5.818486014589,6.28318530718),
  .UNSPECIFIED.);
#2564 = CARTESIAN_POINT('',(4.712388980385,0.882217880648));
#2565 = CARTESIAN_POINT('',(4.77203712894,0.882217880648));
#2566 = CARTESIAN_POINT('',(4.831685235812,0.878871610788));
#2567 = CARTESIAN_POINT('',(4.89046786516,0.872179224227));
#2568 = CARTESIAN_POINT('',(4.947517945988,0.862233438393));
#2569 = CARTESIAN_POINT('',(5.002112124592,0.849223059577));
#2570 = CARTESIAN_POINT('',(5.053803971467,0.833391676127));
#2571 = CARTESIAN_POINT('',(5.102348841699,0.814998585715));
#2572 = CARTESIAN_POINT('',(5.190136850807,0.774896318436));
#2573 = CARTESIAN_POINT('',(5.229771859855,0.753466102577));
#2574 = CARTESIAN_POINT('',(5.266489814522,0.730222171773));
#2575 = CARTESIAN_POINT('',(5.300339275142,0.705372651142));
#2576 = CARTESIAN_POINT('',(5.331440011055,0.679110142956));
#2577 = CARTESIAN_POINT('',(5.359944970255,0.651605850559));
#2578 = CARTESIAN_POINT('',(5.386015564474,0.623009296142));
#2579 = CARTESIAN_POINT('',(5.454425342128,0.538036762786));
#2580 = CARTESIAN_POINT('',(5.491039367311,0.479247537413));
#2581 = CARTESIAN_POINT('',(5.520699024964,0.41795995387));
#2582 = CARTESIAN_POINT('',(5.544412839379,0.35482310445));
#2583 = CARTESIAN_POINT('',(5.562886855696,0.290319099542));
#2584 = CARTESIAN_POINT('',(5.576637990419,0.224843118522));
#2585 = CARTESIAN_POINT('',(5.585987028763,0.158731347981));
#2586 = CARTESIAN_POINT('',(5.595543618899,3.417042894281E-02));
#2587 = CARTESIAN_POINT('',(5.596747666549,-2.420357052209E-02));
#2588 = CARTESIAN_POINT('',(5.594796292031,-8.26122415087E-02));
#2589 = CARTESIAN_POINT('',(5.589686200755,-0.140857744837));
#2590 = CARTESIAN_POINT('',(5.581319308666,-0.198738375208));
#2591 = CARTESIAN_POINT('',(5.569495350659,-0.256033931358));
#2592 = CARTESIAN_POINT('',(5.553898502362,-0.31248737625));
#2593 = CARTESIAN_POINT('',(5.516754180933,-0.416155010518));
#2594 = CARTESIAN_POINT('',(5.496194180732,-0.463641935644));
#2595 = CARTESIAN_POINT('',(5.472114107878,-0.51002249321));
#2596 = CARTESIAN_POINT('',(5.44414479542,-0.555041441739));
#2597 = CARTESIAN_POINT('',(5.411850261629,-0.598395401638));
#2598 = CARTESIAN_POINT('',(5.374721256493,-0.639707542161));
#2599 = CARTESIAN_POINT('',(5.332235930264,-0.678509147844));
#2600 = CARTESIAN_POINT('',(5.24192380346,-0.745527552391));
#2601 = CARTESIAN_POINT('',(5.195428746688,-0.774461535283));
#2602 = CARTESIAN_POINT('',(5.144365224321,-0.800685808197));
#2603 = CARTESIAN_POINT('',(5.08863777438,-0.823794235179));
#2604 = CARTESIAN_POINT('',(5.028350937882,-0.843334363229));
#2605 = CARTESIAN_POINT('',(4.964032780501,-0.858866143003));
#2606 = CARTESIAN_POINT('',(4.896735103126,-0.87004669058));
#2607 = CARTESIAN_POINT('',(4.767369107555,-0.882521255977));
#2608 = CARTESIAN_POINT('',(4.705698745478,-0.884876144459));
#2609 = CARTESIAN_POINT('',(4.643589643776,-0.883645274008));
#2610 = CARTESIAN_POINT('',(4.582040521378,-0.878801614103));
#2611 = CARTESIAN_POINT('',(4.522078838443,-0.870438681376));
#2612 = CARTESIAN_POINT('',(4.464487000343,-0.858758339235));
#2613 = CARTESIAN_POINT('',(4.409786183011,-0.844012234133));
#2614 = CARTESIAN_POINT('',(4.313208723648,-0.811127034754));
#2615 = CARTESIAN_POINT('',(4.270583656529,-0.793642464681));
#2616 = CARTESIAN_POINT('',(4.230605656689,-0.774202463641));
#2617 = CARTESIAN_POINT('',(4.193346165395,-0.753001985019));
#2618 = CARTESIAN_POINT('',(4.158773388999,-0.730229910547));
#2619 = CARTESIAN_POINT('',(4.126793179681,-0.706060286499));
#2620 = CARTESIAN_POINT('',(4.097284633628,-0.680649905203));
#2621 = CARTESIAN_POINT('',(4.022560497477,-0.607744994778));
#2622 = CARTESIAN_POINT('',(3.982163429571,-0.5579806453));
#2623 = CARTESIAN_POINT('',(3.948197349066,-0.505597684036));
#2624 = CARTESIAN_POINT('',(3.9198199729,-0.451189955318));
#2625 = CARTESIAN_POINT('',(3.896362232039,-0.395204424836));
#2626 = CARTESIAN_POINT('',(3.877293874785,-0.338003628592));
#2627 = CARTESIAN_POINT('',(3.86222429562,-0.279886555951));
#2628 = CARTESIAN_POINT('',(3.833876489489,-0.1329597061));
#2629 = CARTESIAN_POINT('',(3.825261092297,-4.333275512468E-02));
#2630 = CARTESIAN_POINT('',(3.824136694882,4.687904339119E-02));
#2631 = CARTESIAN_POINT('',(3.830214461534,0.136980502199));
#2632 = CARTESIAN_POINT('',(3.843772622888,0.226284449873));
#2633 = CARTESIAN_POINT('',(3.865518506182,0.314024967989));
#2634 = CARTESIAN_POINT('',(3.896983966679,0.399193592734));
#2635 = CARTESIAN_POINT('',(3.962023198943,0.52075932601));
#2636 = CARTESIAN_POINT('',(3.986676264198,0.560250011188));
#2637 = CARTESIAN_POINT('',(4.014574361758,0.598515746018));
#2638 = CARTESIAN_POINT('',(4.046026380086,0.635327902789));
#2639 = CARTESIAN_POINT('',(4.081372382742,0.670417573055));
#2640 = CARTESIAN_POINT('',(4.120957426518,0.703461639009));
#2641 = CARTESIAN_POINT('',(4.16505671678,0.734079552598));
#2642 = CARTESIAN_POINT('',(4.262390516931,0.789640610002));
#2643 = CARTESIAN_POINT('',(4.315624885384,0.814583830862));
#2644 = CARTESIAN_POINT('',(4.373483686579,0.836278502203));
#2645 = CARTESIAN_POINT('',(4.435793344554,0.854285111144));
#2646 = CARTESIAN_POINT('',(4.502068827584,0.868160855438));
#2647 = CARTESIAN_POINT('',(4.571220312211,0.87753203367));
#2648 = CARTESIAN_POINT('',(4.641804520858,0.882217880648));
#2649 = CARTESIAN_POINT('',(4.712388980385,0.882217880648));
#2650 = ( GEOMETRIC_REPRESENTATION_CONTEXT(2) 
PARAMETRIC_REPRESENTATION_CONTEXT() REPRESENTATION_CONTEXT('2D SPACE',''
  ) );
#2651 = FACE_BOUND('',#2652,.T.);
#2652 = EDGE_LOOP('',(#2653));
#2653 = ORIENTED_EDGE('',*,*,#2654,.F.);
#2654 = EDGE_CURVE('',#2655,#2655,#2657,.T.);
#2655 = VERTEX_POINT('',#2656);
#2656 = CARTESIAN_POINT('',(12.984925003778,27.50251249937,
    16.99748750063));
#2657 = SURFACE_CURVE('',#2658,(#2663,#2670),.PCURVE_S1.);
#2658 = CIRCLE('',#2659,4.012562496852);
#2659 = AXIS2_PLACEMENT_3D('',#2660,#2661,#2662);
#2660 = CARTESIAN_POINT('',(12.984925003778,27.50251249937,
    12.984925003778));
#2661 = DIRECTION('',(-0.,1.,0.));
#2662 = DIRECTION('',(0.,0.,1.));
#2663 = PCURVE('',#1140,#2664);
#2664 = DEFINITIONAL_REPRESENTATION('',(#2665),#2669);
#2665 = CIRCLE('',#2666,4.012562496852);
#2666 = AXIS2_PLACEMENT_2D('',#2667,#2668);
#2667 = CARTESIAN_POINT('',(40.487437503148,40.487437503148));
#2668 = DIRECTION('',(1.,0.));
#2669 = ( GEOMETRIC_REPRESENTATION_CONTEXT(2) 
PARAMETRIC_REPRESENTATION_CONTEXT() REPRESENTATION_CONTEXT('2D SPACE',''
  ) );
#2670 = PCURVE('',#2671,#2676);
#2671 = SPHERICAL_SURFACE('',#2672,5.196609388381);
#2672 = AXIS2_PLACEMENT_3D('',#2673,#2674,#2675);
#2673 = CARTESIAN_POINT('',(12.984925003778,30.804646861304,
    12.984925003778));
#2674 = DIRECTION('',(0.,0.,1.));
#2675 = DIRECTION('',(1.,0.,-0.));
#2676 = DEFINITIONAL_REPRESENTATION('',(#2677),#2764);
#2677 = B_SPLINE_CURVE_WITH_KNOTS('',8,(#2678,#2679,#2680,#2681,#2682,
    #2683,#2684,#2685,#2686,#2687,#2688,#2689,#2690,#2691,#2692,#2693,
    #2694,#2695,#2696,#2697,#2698,#2699,#2700,#2701,#2702,#2703,#2704,
    #2705,#2706,#2707,#2708,#2709,#2710,#2711,#2712,#2713,#2714,#2715,
    #2716,#2717,#2718,#2719,#2720,#2721,#2722,#2723,#2724,#2725,#2726,
    #2727,#2728,#2729,#2730,#2731,#2732,#2733,#2734,#2735,#2736,#2737,
    #2738,#2739,#2740,#2741,#2742,#2743,#2744,#2745,#2746,#2747,#2748,
    #2749,#2750,#2751,#2752,#2753,#2754,#2755,#2756,#2757,#2758,#2759,
    #2760,#2761,#2762,#2763),.UNSPECIFIED.,.F.,.F.,(9,7,7,7,7,7,7,7,7,7,
    7,7,9),(0.,0.392699081699,0.760854470791,1.45114582534,2.05515076057
    ,2.583655078896,3.046096357431,3.45073247615,3.804789080029,
    4.424388136816,5.353786721998,5.818486014589,6.28318530718),
  .UNSPECIFIED.);
#2678 = CARTESIAN_POINT('',(4.712388980385,0.882217880648));
#2679 = CARTESIAN_POINT('',(4.77203712894,0.882217880648));
#2680 = CARTESIAN_POINT('',(4.831685235812,0.878871610788));
#2681 = CARTESIAN_POINT('',(4.89046786516,0.872179224225));
#2682 = CARTESIAN_POINT('',(4.947517945988,0.862233438393));
#2683 = CARTESIAN_POINT('',(5.002112124592,0.849223059575));
#2684 = CARTESIAN_POINT('',(5.053803971467,0.833391676128));
#2685 = CARTESIAN_POINT('',(5.102348841699,0.814998585715));
#2686 = CARTESIAN_POINT('',(5.190136850807,0.774896318436));
#2687 = CARTESIAN_POINT('',(5.229771859855,0.753466102577));
#2688 = CARTESIAN_POINT('',(5.266489814522,0.730222171773));
#2689 = CARTESIAN_POINT('',(5.300339275142,0.705372651142));
#2690 = CARTESIAN_POINT('',(5.331440011055,0.679110142956));
#2691 = CARTESIAN_POINT('',(5.359944970255,0.651605850559));
#2692 = CARTESIAN_POINT('',(5.386015564474,0.623009296142));
#2693 = CARTESIAN_POINT('',(5.454425342128,0.538036762786));
#2694 = CARTESIAN_POINT('',(5.491039367311,0.479247537413));
#2695 = CARTESIAN_POINT('',(5.520699024964,0.417959953871));
#2696 = CARTESIAN_POINT('',(5.544412839379,0.354823104449));
#2697 = CARTESIAN_POINT('',(5.562886855696,0.290319099543));
#2698 = CARTESIAN_POINT('',(5.576637990419,0.224843118521));
#2699 = CARTESIAN_POINT('',(5.585987028763,0.158731347981));
#2700 = CARTESIAN_POINT('',(5.595543618899,3.417042894281E-02));
#2701 = CARTESIAN_POINT('',(5.596747666549,-2.420357052208E-02));
#2702 = CARTESIAN_POINT('',(5.594796292031,-8.26122415087E-02));
#2703 = CARTESIAN_POINT('',(5.589686200755,-0.140857744837));
#2704 = CARTESIAN_POINT('',(5.581319308666,-0.198738375208));
#2705 = CARTESIAN_POINT('',(5.569495350659,-0.256033931358));
#2706 = CARTESIAN_POINT('',(5.553898502362,-0.31248737625));
#2707 = CARTESIAN_POINT('',(5.516754180933,-0.416155010518));
#2708 = CARTESIAN_POINT('',(5.496194180732,-0.463641935644));
#2709 = CARTESIAN_POINT('',(5.472114107878,-0.51002249321));
#2710 = CARTESIAN_POINT('',(5.44414479542,-0.555041441739));
#2711 = CARTESIAN_POINT('',(5.411850261629,-0.598395401638));
#2712 = CARTESIAN_POINT('',(5.374721256493,-0.639707542161));
#2713 = CARTESIAN_POINT('',(5.332235930264,-0.678509147844));
#2714 = CARTESIAN_POINT('',(5.24192380346,-0.745527552391));
#2715 = CARTESIAN_POINT('',(5.195428746689,-0.774461535283));
#2716 = CARTESIAN_POINT('',(5.14436522432,-0.800685808197));
#2717 = CARTESIAN_POINT('',(5.08863777438,-0.823794235179));
#2718 = CARTESIAN_POINT('',(5.028350937882,-0.843334363229));
#2719 = CARTESIAN_POINT('',(4.964032780501,-0.858866143003));
#2720 = CARTESIAN_POINT('',(4.896735103126,-0.87004669058));
#2721 = CARTESIAN_POINT('',(4.767369107555,-0.882521255977));
#2722 = CARTESIAN_POINT('',(4.705698745478,-0.88487614446));
#2723 = CARTESIAN_POINT('',(4.643589643782,-0.883645274006));
#2724 = CARTESIAN_POINT('',(4.582040521385,-0.878801614103));
#2725 = CARTESIAN_POINT('',(4.522078838434,-0.870438681374));
#2726 = CARTESIAN_POINT('',(4.464487000342,-0.858758339236));
#2727 = CARTESIAN_POINT('',(4.409786183011,-0.844012234133));
#2728 = CARTESIAN_POINT('',(4.313208723648,-0.811127034754));
#2729 = CARTESIAN_POINT('',(4.270583656529,-0.793642464681));
#2730 = CARTESIAN_POINT('',(4.230605656688,-0.774202463641));
#2731 = CARTESIAN_POINT('',(4.193346165394,-0.753001985019));
#2732 = CARTESIAN_POINT('',(4.158773388999,-0.730229910547));
#2733 = CARTESIAN_POINT('',(4.126793179681,-0.706060286499));
#2734 = CARTESIAN_POINT('',(4.097284633628,-0.680649905203));
#2735 = CARTESIAN_POINT('',(4.022560497477,-0.607744994778));
#2736 = CARTESIAN_POINT('',(3.982163429571,-0.557980645299));
#2737 = CARTESIAN_POINT('',(3.948197349066,-0.505597684039));
#2738 = CARTESIAN_POINT('',(3.9198199729,-0.451189955314));
#2739 = CARTESIAN_POINT('',(3.896362232039,-0.395204424838));
#2740 = CARTESIAN_POINT('',(3.877293874785,-0.338003628592));
#2741 = CARTESIAN_POINT('',(3.86222429562,-0.279886555951));
#2742 = CARTESIAN_POINT('',(3.833876489489,-0.1329597061));
#2743 = CARTESIAN_POINT('',(3.825261092298,-4.333275512471E-02));
#2744 = CARTESIAN_POINT('',(3.82413669487,4.68790433913E-02));
#2745 = CARTESIAN_POINT('',(3.830214461545,0.136980502201));
#2746 = CARTESIAN_POINT('',(3.843772622875,0.226284449873));
#2747 = CARTESIAN_POINT('',(3.865518506185,0.314024967989));
#2748 = CARTESIAN_POINT('',(3.896983966679,0.399193592734));
#2749 = CARTESIAN_POINT('',(3.962023198943,0.52075932601));
#2750 = CARTESIAN_POINT('',(3.986676264198,0.560250011188));
#2751 = CARTESIAN_POINT('',(4.014574361758,0.598515746018));
#2752 = CARTESIAN_POINT('',(4.046026380086,0.635327902789));
#2753 = CARTESIAN_POINT('',(4.081372382742,0.670417573056));
#2754 = CARTESIAN_POINT('',(4.120957426518,0.703461639009));
#2755 = CARTESIAN_POINT('',(4.16505671678,0.734079552598));
#2756 = CARTESIAN_POINT('',(4.262390516931,0.789640610002));
#2757 = CARTESIAN_POINT('',(4.315624885385,0.814583830862));
#2758 = CARTESIAN_POINT('',(4.373483686577,0.836278502202));
#2759 = CARTESIAN_POINT('',(4.435793344557,0.854285111143));
#2760 = CARTESIAN_POINT('',(4.50206882758,0.868160855438));
#2761 = CARTESIAN_POINT('',(4.571220312212,0.87753203367));
#2762 = CARTESIAN_POINT('',(4.641804520858,0.882217880648));
#2763 = CARTESIAN_POINT('',(4.712388980385,0.882217880648));
#2764 = ( GEOMETRIC_REPRESENTATION_CONTEXT(2) 
PARAMETRIC_REPRESENTATION_CONTEXT() REPRESENTATION_CONTEXT('2D SPACE',''
  ) );
#2765 = ADVANCED_FACE('',(#2766),#1345,.T.);
#2766 = FACE_BOUND('',#2767,.T.);
#2767 = EDGE_LOOP('',(#2768,#2769,#2770,#2795));
#2768 = ORIENTED_EDGE('',*,*,#1331,.F.);
#2769 = ORIENTED_EDGE('',*,*,#1923,.T.);
#2770 = ORIENTED_EDGE('',*,*,#2771,.T.);
#2771 = EDGE_CURVE('',#1924,#1415,#2772,.T.);
#2772 = SURFACE_CURVE('',#2773,(#2778,#2784),.PCURVE_S1.);
#2773 = CIRCLE('',#2774,8.025124993703);
#2774 = AXIS2_PLACEMENT_3D('',#2775,#2776,#2777);
#2775 = CARTESIAN_POINT('',(19.477387505667,-19.47738750566,
    -19.47738750566));
#2776 = DIRECTION('',(-1.,-6.123233995737E-17,0.));
#2777 = DIRECTION('',(6.123233995737E-17,-1.,-0.));
#2778 = PCURVE('',#1345,#2779);
#2779 = DEFINITIONAL_REPRESENTATION('',(#2780),#2783);
#2780 = B_SPLINE_CURVE_WITH_KNOTS('',1,(#2781,#2782),.UNSPECIFIED.,.F.,
  .F.,(2,2),(4.712388980385,6.28318530718),.PIECEWISE_BEZIER_KNOTS.);
#2781 = CARTESIAN_POINT('',(1.570796326795,46.979900005037));
#2782 = CARTESIAN_POINT('',(0.,46.979900005037));
#2783 = ( GEOMETRIC_REPRESENTATION_CONTEXT(2) 
PARAMETRIC_REPRESENTATION_CONTEXT() REPRESENTATION_CONTEXT('2D SPACE',''
  ) );
#2784 = PCURVE('',#2785,#2790);
#2785 = SPHERICAL_SURFACE('',#2786,8.025124993703);
#2786 = AXIS2_PLACEMENT_3D('',#2787,#2788,#2789);
#2787 = CARTESIAN_POINT('',(19.477387505667,-19.47738750566,
    -19.47738750566));
#2788 = DIRECTION('',(0.,0.,1.));
#2789 = DIRECTION('',(1.,0.,-0.));
#2790 = DEFINITIONAL_REPRESENTATION('',(#2791),#2794);
#2791 = B_SPLINE_CURVE_WITH_KNOTS('',1,(#2792,#2793),.UNSPECIFIED.,.F.,
  .F.,(2,2),(4.712388980385,6.28318530718),.PIECEWISE_BEZIER_KNOTS.);
#2792 = CARTESIAN_POINT('',(-1.570796326795,-1.570796326795));
#2793 = CARTESIAN_POINT('',(-1.570796326795,0.));
#2794 = ( GEOMETRIC_REPRESENTATION_CONTEXT(2) 
PARAMETRIC_REPRESENTATION_CONTEXT() REPRESENTATION_CONTEXT('2D SPACE',''
  ) );
#2795 = ORIENTED_EDGE('',*,*,#1442,.F.);
#2796 = ADVANCED_FACE('',(#2797),#1375,.T.);
#2797 = FACE_BOUND('',#2798,.F.);
#2798 = EDGE_LOOP('',(#2799,#2800,#2801,#2826));
#2799 = ORIENTED_EDGE('',*,*,#1361,.F.);
#2800 = ORIENTED_EDGE('',*,*,#2215,.T.);
#2801 = ORIENTED_EDGE('',*,*,#2802,.T.);
#2802 = EDGE_CURVE('',#2216,#1392,#2803,.T.);
#2803 = SURFACE_CURVE('',#2804,(#2809,#2815),.PCURVE_S1.);
#2804 = CIRCLE('',#2805,8.025124993703);
#2805 = AXIS2_PLACEMENT_3D('',#2806,#2807,#2808);
#2806 = CARTESIAN_POINT('',(19.477387505667,-19.47738750566,
    19.477387505667));
#2807 = DIRECTION('',(1.,6.123233995737E-17,0.));
#2808 = DIRECTION('',(6.123233995737E-17,-1.,0.));
#2809 = PCURVE('',#1375,#2810);
#2810 = DEFINITIONAL_REPRESENTATION('',(#2811),#2814);
#2811 = B_SPLINE_CURVE_WITH_KNOTS('',1,(#2812,#2813),.UNSPECIFIED.,.F.,
  .F.,(2,2),(4.712388980385,6.28318530718),.PIECEWISE_BEZIER_KNOTS.);
#2812 = CARTESIAN_POINT('',(-1.570796326795,46.979900005037));
#2813 = CARTESIAN_POINT('',(0.,46.979900005037));
#2814 = ( GEOMETRIC_REPRESENTATION_CONTEXT(2) 
PARAMETRIC_REPRESENTATION_CONTEXT() REPRESENTATION_CONTEXT('2D SPACE',''
  ) );
#2815 = PCURVE('',#2816,#2821);
#2816 = SPHERICAL_SURFACE('',#2817,8.025124993703);
#2817 = AXIS2_PLACEMENT_3D('',#2818,#2819,#2820);
#2818 = CARTESIAN_POINT('',(19.477387505667,-19.47738750566,
    19.477387505667));
#2819 = DIRECTION('',(-0.,-0.,-1.));
#2820 = DIRECTION('',(1.,0.,0.));
#2821 = DEFINITIONAL_REPRESENTATION('',(#2822),#2825);
#2822 = B_SPLINE_CURVE_WITH_KNOTS('',1,(#2823,#2824),.UNSPECIFIED.,.F.,
  .F.,(2,2),(4.712388980385,6.28318530718),.PIECEWISE_BEZIER_KNOTS.);
#2823 = CARTESIAN_POINT('',(1.570796326795,-1.570796326795));
#2824 = CARTESIAN_POINT('',(1.570796326795,0.));
#2825 = ( GEOMETRIC_REPRESENTATION_CONTEXT(2) 
PARAMETRIC_REPRESENTATION_CONTEXT() REPRESENTATION_CONTEXT('2D SPACE',''
  ) );
#2826 = ORIENTED_EDGE('',*,*,#1391,.F.);
#2827 = ADVANCED_FACE('',(#2828),#1430,.T.);
#2828 = FACE_BOUND('',#2829,.F.);
#2829 = EDGE_LOOP('',(#2830,#2860,#2882,#2883));
#2830 = ORIENTED_EDGE('',*,*,#2831,.F.);
#2831 = EDGE_CURVE('',#2832,#2834,#2836,.T.);
#2832 = VERTEX_POINT('',#2833);
#2833 = CARTESIAN_POINT('',(27.50251249937,-19.47738750566,
    -19.47738750566));
#2834 = VERTEX_POINT('',#2835);
#2835 = CARTESIAN_POINT('',(27.50251249937,-19.47738750566,
    19.477387505667));
#2836 = SURFACE_CURVE('',#2837,(#2841,#2848),.PCURVE_S1.);
#2837 = LINE('',#2838,#2839);
#2838 = CARTESIAN_POINT('',(27.50251249937,-19.47738750566,
    -27.50251249937));
#2839 = VECTOR('',#2840,1.);
#2840 = DIRECTION('',(0.,0.,1.));
#2841 = PCURVE('',#1430,#2842);
#2842 = DEFINITIONAL_REPRESENTATION('',(#2843),#2847);
#2843 = LINE('',#2844,#2845);
#2844 = CARTESIAN_POINT('',(-0.,0.));
#2845 = VECTOR('',#2846,1.);
#2846 = DIRECTION('',(-0.,1.));
#2847 = ( GEOMETRIC_REPRESENTATION_CONTEXT(2) 
PARAMETRIC_REPRESENTATION_CONTEXT() REPRESENTATION_CONTEXT('2D SPACE',''
  ) );
#2848 = PCURVE('',#2849,#2854);
#2849 = PLANE('',#2850);
#2850 = AXIS2_PLACEMENT_3D('',#2851,#2852,#2853);
#2851 = CARTESIAN_POINT('',(27.50251249937,-27.50251249937,
    -27.50251249937));
#2852 = DIRECTION('',(1.,0.,-0.));
#2853 = DIRECTION('',(0.,0.,1.));
#2854 = DEFINITIONAL_REPRESENTATION('',(#2855),#2859);
#2855 = LINE('',#2856,#2857);
#2856 = CARTESIAN_POINT('',(0.,-8.025124993703));
#2857 = VECTOR('',#2858,1.);
#2858 = DIRECTION('',(1.,0.));
#2859 = ( GEOMETRIC_REPRESENTATION_CONTEXT(2) 
PARAMETRIC_REPRESENTATION_CONTEXT() REPRESENTATION_CONTEXT('2D SPACE',''
  ) );
#2860 = ORIENTED_EDGE('',*,*,#2861,.T.);
#2861 = EDGE_CURVE('',#2832,#1415,#2862,.T.);
#2862 = SURFACE_CURVE('',#2863,(#2868,#2875),.PCURVE_S1.);
#2863 = CIRCLE('',#2864,8.025124993703);
#2864 = AXIS2_PLACEMENT_3D('',#2865,#2866,#2867);
#2865 = CARTESIAN_POINT('',(19.477387505667,-19.47738750566,
    -19.47738750566));
#2866 = DIRECTION('',(0.,-0.,-1.));
#2867 = DIRECTION('',(1.,0.,-0.));
#2868 = PCURVE('',#1430,#2869);
#2869 = DEFINITIONAL_REPRESENTATION('',(#2870),#2874);
#2870 = LINE('',#2871,#2872);
#2871 = CARTESIAN_POINT('',(-0.,8.025124993703));
#2872 = VECTOR('',#2873,1.);
#2873 = DIRECTION('',(-1.,0.));
#2874 = ( GEOMETRIC_REPRESENTATION_CONTEXT(2) 
PARAMETRIC_REPRESENTATION_CONTEXT() REPRESENTATION_CONTEXT('2D SPACE',''
  ) );
#2875 = PCURVE('',#2785,#2876);
#2876 = DEFINITIONAL_REPRESENTATION('',(#2877),#2881);
#2877 = LINE('',#2878,#2879);
#2878 = CARTESIAN_POINT('',(-0.,0.));
#2879 = VECTOR('',#2880,1.);
#2880 = DIRECTION('',(-1.,0.));
#2881 = ( GEOMETRIC_REPRESENTATION_CONTEXT(2) 
PARAMETRIC_REPRESENTATION_CONTEXT() REPRESENTATION_CONTEXT('2D SPACE',''
  ) );
#2882 = ORIENTED_EDGE('',*,*,#1414,.T.);
#2883 = ORIENTED_EDGE('',*,*,#2884,.F.);
#2884 = EDGE_CURVE('',#2834,#1392,#2885,.T.);
#2885 = SURFACE_CURVE('',#2886,(#2891,#2898),.PCURVE_S1.);
#2886 = CIRCLE('',#2887,8.025124993703);
#2887 = AXIS2_PLACEMENT_3D('',#2888,#2889,#2890);
#2888 = CARTESIAN_POINT('',(19.477387505667,-19.47738750566,
    19.477387505667));
#2889 = DIRECTION('',(0.,0.,-1.));
#2890 = DIRECTION('',(1.,0.,0.));
#2891 = PCURVE('',#1430,#2892);
#2892 = DEFINITIONAL_REPRESENTATION('',(#2893),#2897);
#2893 = LINE('',#2894,#2895);
#2894 = CARTESIAN_POINT('',(-0.,46.979900005037));
#2895 = VECTOR('',#2896,1.);
#2896 = DIRECTION('',(-1.,0.));
#2897 = ( GEOMETRIC_REPRESENTATION_CONTEXT(2) 
PARAMETRIC_REPRESENTATION_CONTEXT() REPRESENTATION_CONTEXT('2D SPACE',''
  ) );
#2898 = PCURVE('',#2816,#2899);
#2899 = DEFINITIONAL_REPRESENTATION('',(#2900),#2904);
#2900 = LINE('',#2901,#2902);
#2901 = CARTESIAN_POINT('',(0.,0.));
#2902 = VECTOR('',#2903,1.);
#2903 = DIRECTION('',(1.,0.));
#2904 = ( GEOMETRIC_REPRESENTATION_CONTEXT(2) 
PARAMETRIC_REPRESENTATION_CONTEXT() REPRESENTATION_CONTEXT('2D SPACE',''
  ) );
#2905 = ADVANCED_FACE('',(#2906),#1482,.F.);
#2906 = FACE_BOUND('',#2907,.F.);
#2907 = EDGE_LOOP('',(#2908));
#2908 = ORIENTED_EDGE('',*,*,#1465,.T.);
#2909 = ADVANCED_FACE('',(#2910),#1596,.F.);
#2910 = FACE_BOUND('',#2911,.F.);
#2911 = EDGE_LOOP('',(#2912));
#2912 = ORIENTED_EDGE('',*,*,#1579,.T.);
#2913 = ADVANCED_FACE('',(#2914),#1710,.F.);
#2914 = FACE_BOUND('',#2915,.F.);
#2915 = EDGE_LOOP('',(#2916));
#2916 = ORIENTED_EDGE('',*,*,#1693,.T.);
#2917 = ADVANCED_FACE('',(#2918),#1824,.F.);
#2918 = FACE_BOUND('',#2919,.F.);
#2919 = EDGE_LOOP('',(#2920));
#2920 = ORIENTED_EDGE('',*,*,#1807,.T.);
#2921 = ADVANCED_FACE('',(#2922),#1988,.T.);
#2922 = FACE_BOUND('',#2923,.F.);
#2923 = EDGE_LOOP('',(#2924,#2925,#2926,#2951));
#2924 = ORIENTED_EDGE('',*,*,#2190,.F.);
#2925 = ORIENTED_EDGE('',*,*,#1974,.T.);
#2926 = ORIENTED_EDGE('',*,*,#2927,.T.);
#2927 = EDGE_CURVE('',#1947,#2376,#2928,.T.);
#2928 = SURFACE_CURVE('',#2929,(#2934,#2940),.PCURVE_S1.);
#2929 = CIRCLE('',#2930,8.025124993703);
#2930 = AXIS2_PLACEMENT_3D('',#2931,#2932,#2933);
#2931 = CARTESIAN_POINT('',(19.477387505667,19.477387505667,
    -19.47738750566));
#2932 = DIRECTION('',(1.,-6.123233995737E-17,0.));
#2933 = DIRECTION('',(6.123233995737E-17,1.,0.));
#2934 = PCURVE('',#1988,#2935);
#2935 = DEFINITIONAL_REPRESENTATION('',(#2936),#2939);
#2936 = B_SPLINE_CURVE_WITH_KNOTS('',1,(#2937,#2938),.UNSPECIFIED.,.F.,
  .F.,(2,2),(4.712388980385,6.28318530718),.PIECEWISE_BEZIER_KNOTS.);
#2937 = CARTESIAN_POINT('',(-1.570796326795,46.979900005037));
#2938 = CARTESIAN_POINT('',(0.,46.979900005037));
#2939 = ( GEOMETRIC_REPRESENTATION_CONTEXT(2) 
PARAMETRIC_REPRESENTATION_CONTEXT() REPRESENTATION_CONTEXT('2D SPACE',''
  ) );
#2940 = PCURVE('',#2941,#2946);
#2941 = SPHERICAL_SURFACE('',#2942,8.025124993703);
#2942 = AXIS2_PLACEMENT_3D('',#2943,#2944,#2945);
#2943 = CARTESIAN_POINT('',(19.477387505667,19.477387505667,
    -19.47738750566));
#2944 = DIRECTION('',(0.,0.,1.));
#2945 = DIRECTION('',(1.,0.,-0.));
#2946 = DEFINITIONAL_REPRESENTATION('',(#2947),#2950);
#2947 = B_SPLINE_CURVE_WITH_KNOTS('',1,(#2948,#2949),.UNSPECIFIED.,.F.,
  .F.,(2,2),(4.712388980385,6.28318530718),.PIECEWISE_BEZIER_KNOTS.);
#2948 = CARTESIAN_POINT('',(1.570796326795,-1.570796326795));
#2949 = CARTESIAN_POINT('',(1.570796326795,0.));
#2950 = ( GEOMETRIC_REPRESENTATION_CONTEXT(2) 
PARAMETRIC_REPRESENTATION_CONTEXT() REPRESENTATION_CONTEXT('2D SPACE',''
  ) );
#2951 = ORIENTED_EDGE('',*,*,#2403,.F.);
#2952 = ADVANCED_FACE('',(#2953),#1962,.T.);
#2953 = FACE_BOUND('',#2954,.T.);
#2954 = EDGE_LOOP('',(#2955,#2975,#2976,#2998));
#2955 = ORIENTED_EDGE('',*,*,#2956,.F.);
#2956 = EDGE_CURVE('',#1924,#2832,#2957,.T.);
#2957 = SURFACE_CURVE('',#2958,(#2963,#2969),.PCURVE_S1.);
#2958 = CIRCLE('',#2959,8.025124993703);
#2959 = AXIS2_PLACEMENT_3D('',#2960,#2961,#2962);
#2960 = CARTESIAN_POINT('',(19.477387505667,-19.47738750566,
    -19.47738750566));
#2961 = DIRECTION('',(0.,-1.,0.));
#2962 = DIRECTION('',(1.,0.,0.));
#2963 = PCURVE('',#1962,#2964);
#2964 = DEFINITIONAL_REPRESENTATION('',(#2965),#2968);
#2965 = B_SPLINE_CURVE_WITH_KNOTS('',1,(#2966,#2967),.UNSPECIFIED.,.F.,
  .F.,(2,2),(4.712388980385,6.28318530718),.PIECEWISE_BEZIER_KNOTS.);
#2966 = CARTESIAN_POINT('',(1.570796326795,8.025124993703));
#2967 = CARTESIAN_POINT('',(0.,8.025124993703));
#2968 = ( GEOMETRIC_REPRESENTATION_CONTEXT(2) 
PARAMETRIC_REPRESENTATION_CONTEXT() REPRESENTATION_CONTEXT('2D SPACE',''
  ) );
#2969 = PCURVE('',#2785,#2970);
#2970 = DEFINITIONAL_REPRESENTATION('',(#2971),#2974);
#2971 = B_SPLINE_CURVE_WITH_KNOTS('',1,(#2972,#2973),.UNSPECIFIED.,.F.,
  .F.,(2,2),(4.712388980385,6.28318530718),.PIECEWISE_BEZIER_KNOTS.);
#2972 = CARTESIAN_POINT('',(0.,-1.570796326795));
#2973 = CARTESIAN_POINT('',(0.,0.));
#2974 = ( GEOMETRIC_REPRESENTATION_CONTEXT(2) 
PARAMETRIC_REPRESENTATION_CONTEXT() REPRESENTATION_CONTEXT('2D SPACE',''
  ) );
#2975 = ORIENTED_EDGE('',*,*,#1946,.T.);
#2976 = ORIENTED_EDGE('',*,*,#2977,.T.);
#2977 = EDGE_CURVE('',#1947,#2978,#2980,.T.);
#2978 = VERTEX_POINT('',#2979);
#2979 = CARTESIAN_POINT('',(27.50251249937,19.477387505667,
    -19.47738750566));
#2980 = SURFACE_CURVE('',#2981,(#2986,#2992),.PCURVE_S1.);
#2981 = CIRCLE('',#2982,8.025124993703);
#2982 = AXIS2_PLACEMENT_3D('',#2983,#2984,#2985);
#2983 = CARTESIAN_POINT('',(19.477387505667,19.477387505667,
    -19.47738750566));
#2984 = DIRECTION('',(0.,-1.,0.));
#2985 = DIRECTION('',(1.,0.,0.));
#2986 = PCURVE('',#1962,#2987);
#2987 = DEFINITIONAL_REPRESENTATION('',(#2988),#2991);
#2988 = B_SPLINE_CURVE_WITH_KNOTS('',1,(#2989,#2990),.UNSPECIFIED.,.F.,
  .F.,(2,2),(4.712388980385,6.28318530718),.PIECEWISE_BEZIER_KNOTS.);
#2989 = CARTESIAN_POINT('',(1.570796326795,46.979900005037));
#2990 = CARTESIAN_POINT('',(0.,46.979900005037));
#2991 = ( GEOMETRIC_REPRESENTATION_CONTEXT(2) 
PARAMETRIC_REPRESENTATION_CONTEXT() REPRESENTATION_CONTEXT('2D SPACE',''
  ) );
#2992 = PCURVE('',#2941,#2993);
#2993 = DEFINITIONAL_REPRESENTATION('',(#2994),#2997);
#2994 = B_SPLINE_CURVE_WITH_KNOTS('',1,(#2995,#2996),.UNSPECIFIED.,.F.,
  .F.,(2,2),(4.712388980385,6.28318530718),.PIECEWISE_BEZIER_KNOTS.);
#2995 = CARTESIAN_POINT('',(0.,-1.570796326795));
#2996 = CARTESIAN_POINT('',(0.,0.));
#2997 = ( GEOMETRIC_REPRESENTATION_CONTEXT(2) 
PARAMETRIC_REPRESENTATION_CONTEXT() REPRESENTATION_CONTEXT('2D SPACE',''
  ) );
#2998 = ORIENTED_EDGE('',*,*,#2999,.F.);
#2999 = EDGE_CURVE('',#2832,#2978,#3000,.T.);
#3000 = SURFACE_CURVE('',#3001,(#3005,#3012),.PCURVE_S1.);
#3001 = LINE('',#3002,#3003);
#3002 = CARTESIAN_POINT('',(27.50251249937,-27.50251249937,
    -19.47738750566));
#3003 = VECTOR('',#3004,1.);
#3004 = DIRECTION('',(-0.,1.,0.));
#3005 = PCURVE('',#1962,#3006);
#3006 = DEFINITIONAL_REPRESENTATION('',(#3007),#3011);
#3007 = LINE('',#3008,#3009);
#3008 = CARTESIAN_POINT('',(0.,0.));
#3009 = VECTOR('',#3010,1.);
#3010 = DIRECTION('',(0.,1.));
#3011 = ( GEOMETRIC_REPRESENTATION_CONTEXT(2) 
PARAMETRIC_REPRESENTATION_CONTEXT() REPRESENTATION_CONTEXT('2D SPACE',''
  ) );
#3012 = PCURVE('',#2849,#3013);
#3013 = DEFINITIONAL_REPRESENTATION('',(#3014),#3018);
#3014 = LINE('',#3015,#3016);
#3015 = CARTESIAN_POINT('',(8.025124993703,0.));
#3016 = VECTOR('',#3017,1.);
#3017 = DIRECTION('',(0.,-1.));
#3018 = ( GEOMETRIC_REPRESENTATION_CONTEXT(2) 
PARAMETRIC_REPRESENTATION_CONTEXT() REPRESENTATION_CONTEXT('2D SPACE',''
  ) );
#3019 = ADVANCED_FACE('',(#3020),#2019,.F.);
#3020 = FACE_BOUND('',#3021,.F.);
#3021 = EDGE_LOOP('',(#3022,#3046,#3047));
#3022 = ORIENTED_EDGE('',*,*,#3023,.T.);
#3023 = EDGE_CURVE('',#2003,#3024,#3026,.T.);
#3024 = VERTEX_POINT('',#3025);
#3025 = CARTESIAN_POINT('',(-12.98492500377,-12.98492500377,
    -25.60803747292));
#3026 = SEAM_CURVE('',#3027,(#3032,#3039),.PCURVE_S1.);
#3027 = CIRCLE('',#3028,5.196609388381);
#3028 = AXIS2_PLACEMENT_3D('',#3029,#3030,#3031);
#3029 = CARTESIAN_POINT('',(-12.98492500377,-12.98492500377,
    -30.8046468613));
#3030 = DIRECTION('',(-2.449293598295E-16,-1.,0.));
#3031 = DIRECTION('',(1.,-2.449293598295E-16,0.));
#3032 = PCURVE('',#2019,#3033);
#3033 = DEFINITIONAL_REPRESENTATION('',(#3034),#3038);
#3034 = LINE('',#3035,#3036);
#3035 = CARTESIAN_POINT('',(6.28318530718,-6.28318530718));
#3036 = VECTOR('',#3037,1.);
#3037 = DIRECTION('',(0.,1.));
#3038 = ( GEOMETRIC_REPRESENTATION_CONTEXT(2) 
PARAMETRIC_REPRESENTATION_CONTEXT() REPRESENTATION_CONTEXT('2D SPACE',''
  ) );
#3039 = PCURVE('',#2019,#3040);
#3040 = DEFINITIONAL_REPRESENTATION('',(#3041),#3045);
#3041 = LINE('',#3042,#3043);
#3042 = CARTESIAN_POINT('',(0.,-6.28318530718));
#3043 = VECTOR('',#3044,1.);
#3044 = DIRECTION('',(0.,1.));
#3045 = ( GEOMETRIC_REPRESENTATION_CONTEXT(2) 
PARAMETRIC_REPRESENTATION_CONTEXT() REPRESENTATION_CONTEXT('2D SPACE',''
  ) );
#3046 = ORIENTED_EDGE('',*,*,#3023,.F.);
#3047 = ORIENTED_EDGE('',*,*,#2002,.T.);
#3048 = ADVANCED_FACE('',(#3049),#2050,.F.);
#3049 = FACE_BOUND('',#3050,.F.);
#3050 = EDGE_LOOP('',(#3051,#3075,#3076));
#3051 = ORIENTED_EDGE('',*,*,#3052,.T.);
#3052 = EDGE_CURVE('',#2034,#3053,#3055,.T.);
#3053 = VERTEX_POINT('',#3054);
#3054 = CARTESIAN_POINT('',(12.984925003778,-12.98492500377,
    -25.60803747292));
#3055 = SEAM_CURVE('',#3056,(#3061,#3068),.PCURVE_S1.);
#3056 = CIRCLE('',#3057,5.196609388381);
#3057 = AXIS2_PLACEMENT_3D('',#3058,#3059,#3060);
#3058 = CARTESIAN_POINT('',(12.984925003778,-12.98492500377,
    -30.8046468613));
#3059 = DIRECTION('',(-2.449293598295E-16,-1.,0.));
#3060 = DIRECTION('',(1.,-2.449293598295E-16,0.));
#3061 = PCURVE('',#2050,#3062);
#3062 = DEFINITIONAL_REPRESENTATION('',(#3063),#3067);
#3063 = LINE('',#3064,#3065);
#3064 = CARTESIAN_POINT('',(6.28318530718,-6.28318530718));
#3065 = VECTOR('',#3066,1.);
#3066 = DIRECTION('',(0.,1.));
#3067 = ( GEOMETRIC_REPRESENTATION_CONTEXT(2) 
PARAMETRIC_REPRESENTATION_CONTEXT() REPRESENTATION_CONTEXT('2D SPACE',''
  ) );
#3068 = PCURVE('',#2050,#3069);
#3069 = DEFINITIONAL_REPRESENTATION('',(#3070),#3074);
#3070 = LINE('',#3071,#3072);
#3071 = CARTESIAN_POINT('',(0.,-6.28318530718));
#3072 = VECTOR('',#3073,1.);
#3073 = DIRECTION('',(0.,1.));
#3074 = ( GEOMETRIC_REPRESENTATION_CONTEXT(2) 
PARAMETRIC_REPRESENTATION_CONTEXT() REPRESENTATION_CONTEXT('2D SPACE',''
  ) );
#3075 = ORIENTED_EDGE('',*,*,#3052,.F.);
#3076 = ORIENTED_EDGE('',*,*,#2033,.T.);
#3077 = ADVANCED_FACE('',(#3078),#2081,.F.);
#3078 = FACE_BOUND('',#3079,.F.);
#3079 = EDGE_LOOP('',(#3080,#3104,#3105));
#3080 = ORIENTED_EDGE('',*,*,#3081,.T.);
#3081 = EDGE_CURVE('',#2065,#3082,#3084,.T.);
#3082 = VERTEX_POINT('',#3083);
#3083 = CARTESIAN_POINT('',(-12.98492500377,0.,-25.60803747292));
#3084 = SEAM_CURVE('',#3085,(#3090,#3097),.PCURVE_S1.);
#3085 = CIRCLE('',#3086,5.196609388381);
#3086 = AXIS2_PLACEMENT_3D('',#3087,#3088,#3089);
#3087 = CARTESIAN_POINT('',(-12.98492500377,0.,-30.8046468613));
#3088 = DIRECTION('',(-2.449293598295E-16,-1.,0.));
#3089 = DIRECTION('',(1.,-2.449293598295E-16,0.));
#3090 = PCURVE('',#2081,#3091);
#3091 = DEFINITIONAL_REPRESENTATION('',(#3092),#3096);
#3092 = LINE('',#3093,#3094);
#3093 = CARTESIAN_POINT('',(6.28318530718,-6.28318530718));
#3094 = VECTOR('',#3095,1.);
#3095 = DIRECTION('',(0.,1.));
#3096 = ( GEOMETRIC_REPRESENTATION_CONTEXT(2) 
PARAMETRIC_REPRESENTATION_CONTEXT() REPRESENTATION_CONTEXT('2D SPACE',''
  ) );
#3097 = PCURVE('',#2081,#3098);
#3098 = DEFINITIONAL_REPRESENTATION('',(#3099),#3103);
#3099 = LINE('',#3100,#3101);
#3100 = CARTESIAN_POINT('',(0.,-6.28318530718));
#3101 = VECTOR('',#3102,1.);
#3102 = DIRECTION('',(0.,1.));
#3103 = ( GEOMETRIC_REPRESENTATION_CONTEXT(2) 
PARAMETRIC_REPRESENTATION_CONTEXT() REPRESENTATION_CONTEXT('2D SPACE',''
  ) );
#3104 = ORIENTED_EDGE('',*,*,#3081,.F.);
#3105 = ORIENTED_EDGE('',*,*,#2064,.T.);
#3106 = ADVANCED_FACE('',(#3107),#2112,.F.);
#3107 = FACE_BOUND('',#3108,.F.);
#3108 = EDGE_LOOP('',(#3109,#3133,#3134));
#3109 = ORIENTED_EDGE('',*,*,#3110,.T.);
#3110 = EDGE_CURVE('',#2096,#3111,#3113,.T.);
#3111 = VERTEX_POINT('',#3112);
#3112 = CARTESIAN_POINT('',(-12.98492500377,12.984925003778,
    -25.60803747292));
#3113 = SEAM_CURVE('',#3114,(#3119,#3126),.PCURVE_S1.);
#3114 = CIRCLE('',#3115,5.196609388381);
#3115 = AXIS2_PLACEMENT_3D('',#3116,#3117,#3118);
#3116 = CARTESIAN_POINT('',(-12.98492500377,12.984925003778,
    -30.8046468613));
#3117 = DIRECTION('',(-2.449293598295E-16,-1.,0.));
#3118 = DIRECTION('',(1.,-2.449293598295E-16,0.));
#3119 = PCURVE('',#2112,#3120);
#3120 = DEFINITIONAL_REPRESENTATION('',(#3121),#3125);
#3121 = LINE('',#3122,#3123);
#3122 = CARTESIAN_POINT('',(6.28318530718,-6.28318530718));
#3123 = VECTOR('',#3124,1.);
#3124 = DIRECTION('',(0.,1.));
#3125 = ( GEOMETRIC_REPRESENTATION_CONTEXT(2) 
PARAMETRIC_REPRESENTATION_CONTEXT() REPRESENTATION_CONTEXT('2D SPACE',''
  ) );
#3126 = PCURVE('',#2112,#3127);
#3127 = DEFINITIONAL_REPRESENTATION('',(#3128),#3132);
#3128 = LINE('',#3129,#3130);
#3129 = CARTESIAN_POINT('',(0.,-6.28318530718));
#3130 = VECTOR('',#3131,1.);
#3131 = DIRECTION('',(0.,1.));
#3132 = ( GEOMETRIC_REPRESENTATION_CONTEXT(2) 
PARAMETRIC_REPRESENTATION_CONTEXT() REPRESENTATION_CONTEXT('2D SPACE',''
  ) );
#3133 = ORIENTED_EDGE('',*,*,#3110,.F.);
#3134 = ORIENTED_EDGE('',*,*,#2095,.T.);
#3135 = ADVANCED_FACE('',(#3136),#2143,.F.);
#3136 = FACE_BOUND('',#3137,.F.);
#3137 = EDGE_LOOP('',(#3138,#3162,#3163));
#3138 = ORIENTED_EDGE('',*,*,#3139,.T.);
#3139 = EDGE_CURVE('',#2127,#3140,#3142,.T.);
#3140 = VERTEX_POINT('',#3141);
#3141 = CARTESIAN_POINT('',(12.984925003778,0.,-25.60803747292));
#3142 = SEAM_CURVE('',#3143,(#3148,#3155),.PCURVE_S1.);
#3143 = CIRCLE('',#3144,5.196609388381);
#3144 = AXIS2_PLACEMENT_3D('',#3145,#3146,#3147);
#3145 = CARTESIAN_POINT('',(12.984925003778,0.,-30.8046468613));
#3146 = DIRECTION('',(-2.449293598295E-16,-1.,0.));
#3147 = DIRECTION('',(1.,-2.449293598295E-16,0.));
#3148 = PCURVE('',#2143,#3149);
#3149 = DEFINITIONAL_REPRESENTATION('',(#3150),#3154);
#3150 = LINE('',#3151,#3152);
#3151 = CARTESIAN_POINT('',(6.28318530718,-6.28318530718));
#3152 = VECTOR('',#3153,1.);
#3153 = DIRECTION('',(0.,1.));
#3154 = ( GEOMETRIC_REPRESENTATION_CONTEXT(2) 
PARAMETRIC_REPRESENTATION_CONTEXT() REPRESENTATION_CONTEXT('2D SPACE',''
  ) );
#3155 = PCURVE('',#2143,#3156);
#3156 = DEFINITIONAL_REPRESENTATION('',(#3157),#3161);
#3157 = LINE('',#3158,#3159);
#3158 = CARTESIAN_POINT('',(0.,-6.28318530718));
#3159 = VECTOR('',#3160,1.);
#3160 = DIRECTION('',(0.,1.));
#3161 = ( GEOMETRIC_REPRESENTATION_CONTEXT(2) 
PARAMETRIC_REPRESENTATION_CONTEXT() REPRESENTATION_CONTEXT('2D SPACE',''
  ) );
#3162 = ORIENTED_EDGE('',*,*,#3139,.F.);
#3163 = ORIENTED_EDGE('',*,*,#2126,.T.);
#3164 = ADVANCED_FACE('',(#3165),#2174,.F.);
#3165 = FACE_BOUND('',#3166,.F.);
#3166 = EDGE_LOOP('',(#3167,#3191,#3192));
#3167 = ORIENTED_EDGE('',*,*,#3168,.T.);
#3168 = EDGE_CURVE('',#2158,#3169,#3171,.T.);
#3169 = VERTEX_POINT('',#3170);
#3170 = CARTESIAN_POINT('',(12.984925003778,12.984925003778,
    -25.60803747292));
#3171 = SEAM_CURVE('',#3172,(#3177,#3184),.PCURVE_S1.);
#3172 = CIRCLE('',#3173,5.196609388381);
#3173 = AXIS2_PLACEMENT_3D('',#3174,#3175,#3176);
#3174 = CARTESIAN_POINT('',(12.984925003778,12.984925003778,
    -30.8046468613));
#3175 = DIRECTION('',(-2.449293598295E-16,-1.,0.));
#3176 = DIRECTION('',(1.,-2.449293598295E-16,0.));
#3177 = PCURVE('',#2174,#3178);
#3178 = DEFINITIONAL_REPRESENTATION('',(#3179),#3183);
#3179 = LINE('',#3180,#3181);
#3180 = CARTESIAN_POINT('',(6.28318530718,-6.28318530718));
#3181 = VECTOR('',#3182,1.);
#3182 = DIRECTION('',(0.,1.));
#3183 = ( GEOMETRIC_REPRESENTATION_CONTEXT(2) 
PARAMETRIC_REPRESENTATION_CONTEXT() REPRESENTATION_CONTEXT('2D SPACE',''
  ) );
#3184 = PCURVE('',#2174,#3185);
#3185 = DEFINITIONAL_REPRESENTATION('',(#3186),#3190);
#3186 = LINE('',#3187,#3188);
#3187 = CARTESIAN_POINT('',(0.,-6.28318530718));
#3188 = VECTOR('',#3189,1.);
#3189 = DIRECTION('',(0.,1.));
#3190 = ( GEOMETRIC_REPRESENTATION_CONTEXT(2) 
PARAMETRIC_REPRESENTATION_CONTEXT() REPRESENTATION_CONTEXT('2D SPACE',''
  ) );
#3191 = ORIENTED_EDGE('',*,*,#3168,.F.);
#3192 = ORIENTED_EDGE('',*,*,#2157,.T.);
#3193 = ADVANCED_FACE('',(#3194),#2280,.T.);
#3194 = FACE_BOUND('',#3195,.T.);
#3195 = EDGE_LOOP('',(#3196,#3197,#3198,#3223));
#3196 = ORIENTED_EDGE('',*,*,#2327,.T.);
#3197 = ORIENTED_EDGE('',*,*,#2266,.T.);
#3198 = ORIENTED_EDGE('',*,*,#3199,.F.);
#3199 = EDGE_CURVE('',#2353,#2239,#3200,.T.);
#3200 = SURFACE_CURVE('',#3201,(#3206,#3212),.PCURVE_S1.);
#3201 = CIRCLE('',#3202,8.025124993703);
#3202 = AXIS2_PLACEMENT_3D('',#3203,#3204,#3205);
#3203 = CARTESIAN_POINT('',(19.477387505667,19.477387505667,
    19.477387505667));
#3204 = DIRECTION('',(1.,0.,-6.123233995737E-17));
#3205 = DIRECTION('',(6.123233995737E-17,0.,1.));
#3206 = PCURVE('',#2280,#3207);
#3207 = DEFINITIONAL_REPRESENTATION('',(#3208),#3211);
#3208 = B_SPLINE_CURVE_WITH_KNOTS('',1,(#3209,#3210),.UNSPECIFIED.,.F.,
  .F.,(2,2),(4.712388980385,6.28318530718),.PIECEWISE_BEZIER_KNOTS.);
#3209 = CARTESIAN_POINT('',(0.,46.979900005037));
#3210 = CARTESIAN_POINT('',(1.570796326795,46.979900005037));
#3211 = ( GEOMETRIC_REPRESENTATION_CONTEXT(2) 
PARAMETRIC_REPRESENTATION_CONTEXT() REPRESENTATION_CONTEXT('2D SPACE',''
  ) );
#3212 = PCURVE('',#3213,#3218);
#3213 = SPHERICAL_SURFACE('',#3214,8.025124993703);
#3214 = AXIS2_PLACEMENT_3D('',#3215,#3216,#3217);
#3215 = CARTESIAN_POINT('',(19.477387505667,19.477387505667,
    19.477387505667));
#3216 = DIRECTION('',(0.,-1.,-0.));
#3217 = DIRECTION('',(1.,0.,0.));
#3218 = DEFINITIONAL_REPRESENTATION('',(#3219),#3222);
#3219 = B_SPLINE_CURVE_WITH_KNOTS('',1,(#3220,#3221),.UNSPECIFIED.,.F.,
  .F.,(2,2),(4.712388980385,6.28318530718),.PIECEWISE_BEZIER_KNOTS.);
#3220 = CARTESIAN_POINT('',(1.570796326795,-1.570796326795));
#3221 = CARTESIAN_POINT('',(1.570796326795,0.));
#3222 = ( GEOMETRIC_REPRESENTATION_CONTEXT(2) 
PARAMETRIC_REPRESENTATION_CONTEXT() REPRESENTATION_CONTEXT('2D SPACE',''
  ) );
#3223 = ORIENTED_EDGE('',*,*,#2352,.F.);
#3224 = ADVANCED_FACE('',(#3225),#2254,.T.);
#3225 = FACE_BOUND('',#3226,.F.);
#3226 = EDGE_LOOP('',(#3227,#3247,#3248,#3272));
#3227 = ORIENTED_EDGE('',*,*,#3228,.F.);
#3228 = EDGE_CURVE('',#2216,#2834,#3229,.T.);
#3229 = SURFACE_CURVE('',#3230,(#3235,#3241),.PCURVE_S1.);
#3230 = CIRCLE('',#3231,8.025124993703);
#3231 = AXIS2_PLACEMENT_3D('',#3232,#3233,#3234);
#3232 = CARTESIAN_POINT('',(19.477387505667,-19.47738750566,
    19.477387505667));
#3233 = DIRECTION('',(-0.,1.,0.));
#3234 = DIRECTION('',(1.,0.,0.));
#3235 = PCURVE('',#2254,#3236);
#3236 = DEFINITIONAL_REPRESENTATION('',(#3237),#3240);
#3237 = B_SPLINE_CURVE_WITH_KNOTS('',1,(#3238,#3239),.UNSPECIFIED.,.F.,
  .F.,(2,2),(4.712388980385,6.28318530718),.PIECEWISE_BEZIER_KNOTS.);
#3238 = CARTESIAN_POINT('',(-1.570796326795,8.025124993703));
#3239 = CARTESIAN_POINT('',(0.,8.025124993703));
#3240 = ( GEOMETRIC_REPRESENTATION_CONTEXT(2) 
PARAMETRIC_REPRESENTATION_CONTEXT() REPRESENTATION_CONTEXT('2D SPACE',''
  ) );
#3241 = PCURVE('',#2816,#3242);
#3242 = DEFINITIONAL_REPRESENTATION('',(#3243),#3246);
#3243 = B_SPLINE_CURVE_WITH_KNOTS('',1,(#3244,#3245),.UNSPECIFIED.,.F.,
  .F.,(2,2),(4.712388980385,6.28318530718),.PIECEWISE_BEZIER_KNOTS.);
#3244 = CARTESIAN_POINT('',(0.,-1.570796326795));
#3245 = CARTESIAN_POINT('',(0.,0.));
#3246 = ( GEOMETRIC_REPRESENTATION_CONTEXT(2) 
PARAMETRIC_REPRESENTATION_CONTEXT() REPRESENTATION_CONTEXT('2D SPACE',''
  ) );
#3247 = ORIENTED_EDGE('',*,*,#2238,.T.);
#3248 = ORIENTED_EDGE('',*,*,#3249,.F.);
#3249 = EDGE_CURVE('',#3250,#2239,#3252,.T.);
#3250 = VERTEX_POINT('',#3251);
#3251 = CARTESIAN_POINT('',(27.50251249937,19.477387505667,
    19.477387505667));
#3252 = SURFACE_CURVE('',#3253,(#3258,#3265),.PCURVE_S1.);
#3253 = CIRCLE('',#3254,8.025124993703);
#3254 = AXIS2_PLACEMENT_3D('',#3255,#3256,#3257);
#3255 = CARTESIAN_POINT('',(19.477387505667,19.477387505667,
    19.477387505667));
#3256 = DIRECTION('',(0.,-1.,-0.));
#3257 = DIRECTION('',(1.,0.,0.));
#3258 = PCURVE('',#2254,#3259);
#3259 = DEFINITIONAL_REPRESENTATION('',(#3260),#3264);
#3260 = LINE('',#3261,#3262);
#3261 = CARTESIAN_POINT('',(-0.,46.979900005037));
#3262 = VECTOR('',#3263,1.);
#3263 = DIRECTION('',(-1.,0.));
#3264 = ( GEOMETRIC_REPRESENTATION_CONTEXT(2) 
PARAMETRIC_REPRESENTATION_CONTEXT() REPRESENTATION_CONTEXT('2D SPACE',''
  ) );
#3265 = PCURVE('',#3213,#3266);
#3266 = DEFINITIONAL_REPRESENTATION('',(#3267),#3271);
#3267 = LINE('',#3268,#3269);
#3268 = CARTESIAN_POINT('',(0.,0.));
#3269 = VECTOR('',#3270,1.);
#3270 = DIRECTION('',(1.,0.));
#3271 = ( GEOMETRIC_REPRESENTATION_CONTEXT(2) 
PARAMETRIC_REPRESENTATION_CONTEXT() REPRESENTATION_CONTEXT('2D SPACE',''
  ) );
#3272 = ORIENTED_EDGE('',*,*,#3273,.F.);
#3273 = EDGE_CURVE('',#2834,#3250,#3274,.T.);
#3274 = SURFACE_CURVE('',#3275,(#3279,#3286),.PCURVE_S1.);
#3275 = LINE('',#3276,#3277);
#3276 = CARTESIAN_POINT('',(27.50251249937,-27.50251249937,
    19.477387505667));
#3277 = VECTOR('',#3278,1.);
#3278 = DIRECTION('',(-0.,1.,0.));
#3279 = PCURVE('',#2254,#3280);
#3280 = DEFINITIONAL_REPRESENTATION('',(#3281),#3285);
#3281 = LINE('',#3282,#3283);
#3282 = CARTESIAN_POINT('',(-0.,0.));
#3283 = VECTOR('',#3284,1.);
#3284 = DIRECTION('',(-0.,1.));
#3285 = ( GEOMETRIC_REPRESENTATION_CONTEXT(2) 
PARAMETRIC_REPRESENTATION_CONTEXT() REPRESENTATION_CONTEXT('2D SPACE',''
  ) );
#3286 = PCURVE('',#2849,#3287);
#3287 = DEFINITIONAL_REPRESENTATION('',(#3288),#3292);
#3288 = LINE('',#3289,#3290);
#3289 = CARTESIAN_POINT('',(46.979900005037,0.));
#3290 = VECTOR('',#3291,1.);
#3291 = DIRECTION('',(0.,-1.));
#3292 = ( GEOMETRIC_REPRESENTATION_CONTEXT(2) 
PARAMETRIC_REPRESENTATION_CONTEXT() REPRESENTATION_CONTEXT('2D SPACE',''
  ) );
#3293 = ADVANCED_FACE('',(#3294),#2311,.F.);
#3294 = FACE_BOUND('',#3295,.F.);
#3295 = EDGE_LOOP('',(#3296,#3297,#3321));
#3296 = ORIENTED_EDGE('',*,*,#2294,.F.);
#3297 = ORIENTED_EDGE('',*,*,#3298,.F.);
#3298 = EDGE_CURVE('',#3299,#2295,#3301,.T.);
#3299 = VERTEX_POINT('',#3300);
#3300 = CARTESIAN_POINT('',(3.18200552695E-16,-7.793665766896E-32,
    25.608037472924));
#3301 = SEAM_CURVE('',#3302,(#3307,#3314),.PCURVE_S1.);
#3302 = CIRCLE('',#3303,5.196609388381);
#3303 = AXIS2_PLACEMENT_3D('',#3304,#3305,#3306);
#3304 = CARTESIAN_POINT('',(0.,0.,30.804646861304));
#3305 = DIRECTION('',(-2.449293598295E-16,-1.,0.));
#3306 = DIRECTION('',(1.,-2.449293598295E-16,0.));
#3307 = PCURVE('',#2311,#3308);
#3308 = DEFINITIONAL_REPRESENTATION('',(#3309),#3313);
#3309 = LINE('',#3310,#3311);
#3310 = CARTESIAN_POINT('',(6.28318530718,-6.28318530718));
#3311 = VECTOR('',#3312,1.);
#3312 = DIRECTION('',(0.,1.));
#3313 = ( GEOMETRIC_REPRESENTATION_CONTEXT(2) 
PARAMETRIC_REPRESENTATION_CONTEXT() REPRESENTATION_CONTEXT('2D SPACE',''
  ) );
#3314 = PCURVE('',#2311,#3315);
#3315 = DEFINITIONAL_REPRESENTATION('',(#3316),#3320);
#3316 = LINE('',#3317,#3318);
#3317 = CARTESIAN_POINT('',(0.,-6.28318530718));
#3318 = VECTOR('',#3319,1.);
#3319 = DIRECTION('',(0.,1.));
#3320 = ( GEOMETRIC_REPRESENTATION_CONTEXT(2) 
PARAMETRIC_REPRESENTATION_CONTEXT() REPRESENTATION_CONTEXT('2D SPACE',''
  ) );
#3321 = ORIENTED_EDGE('',*,*,#3298,.T.);
#3322 = ADVANCED_FACE('',(#3323),#2391,.T.);
#3323 = FACE_BOUND('',#3324,.T.);
#3324 = EDGE_LOOP('',(#3325,#3346,#3368,#3369));
#3325 = ORIENTED_EDGE('',*,*,#3326,.F.);
#3326 = EDGE_CURVE('',#2978,#3250,#3327,.T.);
#3327 = SURFACE_CURVE('',#3328,(#3332,#3339),.PCURVE_S1.);
#3328 = LINE('',#3329,#3330);
#3329 = CARTESIAN_POINT('',(27.50251249937,19.477387505667,
    -27.50251249937));
#3330 = VECTOR('',#3331,1.);
#3331 = DIRECTION('',(0.,0.,1.));
#3332 = PCURVE('',#2391,#3333);
#3333 = DEFINITIONAL_REPRESENTATION('',(#3334),#3338);
#3334 = LINE('',#3335,#3336);
#3335 = CARTESIAN_POINT('',(0.,0.));
#3336 = VECTOR('',#3337,1.);
#3337 = DIRECTION('',(0.,1.));
#3338 = ( GEOMETRIC_REPRESENTATION_CONTEXT(2) 
PARAMETRIC_REPRESENTATION_CONTEXT() REPRESENTATION_CONTEXT('2D SPACE',''
  ) );
#3339 = PCURVE('',#2849,#3340);
#3340 = DEFINITIONAL_REPRESENTATION('',(#3341),#3345);
#3341 = LINE('',#3342,#3343);
#3342 = CARTESIAN_POINT('',(0.,-46.97990000503));
#3343 = VECTOR('',#3344,1.);
#3344 = DIRECTION('',(1.,0.));
#3345 = ( GEOMETRIC_REPRESENTATION_CONTEXT(2) 
PARAMETRIC_REPRESENTATION_CONTEXT() REPRESENTATION_CONTEXT('2D SPACE',''
  ) );
#3346 = ORIENTED_EDGE('',*,*,#3347,.T.);
#3347 = EDGE_CURVE('',#2978,#2376,#3348,.T.);
#3348 = SURFACE_CURVE('',#3349,(#3354,#3361),.PCURVE_S1.);
#3349 = CIRCLE('',#3350,8.025124993703);
#3350 = AXIS2_PLACEMENT_3D('',#3351,#3352,#3353);
#3351 = CARTESIAN_POINT('',(19.477387505667,19.477387505667,
    -19.47738750566));
#3352 = DIRECTION('',(0.,0.,1.));
#3353 = DIRECTION('',(1.,0.,-0.));
#3354 = PCURVE('',#2391,#3355);
#3355 = DEFINITIONAL_REPRESENTATION('',(#3356),#3360);
#3356 = LINE('',#3357,#3358);
#3357 = CARTESIAN_POINT('',(0.,8.025124993703));
#3358 = VECTOR('',#3359,1.);
#3359 = DIRECTION('',(1.,0.));
#3360 = ( GEOMETRIC_REPRESENTATION_CONTEXT(2) 
PARAMETRIC_REPRESENTATION_CONTEXT() REPRESENTATION_CONTEXT('2D SPACE',''
  ) );
#3361 = PCURVE('',#2941,#3362);
#3362 = DEFINITIONAL_REPRESENTATION('',(#3363),#3367);
#3363 = LINE('',#3364,#3365);
#3364 = CARTESIAN_POINT('',(0.,0.));
#3365 = VECTOR('',#3366,1.);
#3366 = DIRECTION('',(1.,0.));
#3367 = ( GEOMETRIC_REPRESENTATION_CONTEXT(2) 
PARAMETRIC_REPRESENTATION_CONTEXT() REPRESENTATION_CONTEXT('2D SPACE',''
  ) );
#3368 = ORIENTED_EDGE('',*,*,#2375,.T.);
#3369 = ORIENTED_EDGE('',*,*,#3370,.T.);
#3370 = EDGE_CURVE('',#2353,#3250,#3371,.T.);
#3371 = SURFACE_CURVE('',#3372,(#3377,#3383),.PCURVE_S1.);
#3372 = CIRCLE('',#3373,8.025124993703);
#3373 = AXIS2_PLACEMENT_3D('',#3374,#3375,#3376);
#3374 = CARTESIAN_POINT('',(19.477387505667,19.477387505667,
    19.477387505667));
#3375 = DIRECTION('',(0.,0.,-1.));
#3376 = DIRECTION('',(1.,0.,0.));
#3377 = PCURVE('',#2391,#3378);
#3378 = DEFINITIONAL_REPRESENTATION('',(#3379),#3382);
#3379 = B_SPLINE_CURVE_WITH_KNOTS('',1,(#3380,#3381),.UNSPECIFIED.,.F.,
  .F.,(2,2),(4.712388980385,6.28318530718),.PIECEWISE_BEZIER_KNOTS.);
#3380 = CARTESIAN_POINT('',(1.570796326795,46.979900005037));
#3381 = CARTESIAN_POINT('',(0.,46.979900005037));
#3382 = ( GEOMETRIC_REPRESENTATION_CONTEXT(2) 
PARAMETRIC_REPRESENTATION_CONTEXT() REPRESENTATION_CONTEXT('2D SPACE',''
  ) );
#3383 = PCURVE('',#3213,#3384);
#3384 = DEFINITIONAL_REPRESENTATION('',(#3385),#3388);
#3385 = B_SPLINE_CURVE_WITH_KNOTS('',1,(#3386,#3387),.UNSPECIFIED.,.F.,
  .F.,(2,2),(4.712388980385,6.28318530718),.PIECEWISE_BEZIER_KNOTS.);
#3386 = CARTESIAN_POINT('',(0.,-1.570796326795));
#3387 = CARTESIAN_POINT('',(0.,0.));
#3388 = ( GEOMETRIC_REPRESENTATION_CONTEXT(2) 
PARAMETRIC_REPRESENTATION_CONTEXT() REPRESENTATION_CONTEXT('2D SPACE',''
  ) );
#3389 = ADVANCED_FACE('',(#3390),#2443,.F.);
#3390 = FACE_BOUND('',#3391,.F.);
#3391 = EDGE_LOOP('',(#3392));
#3392 = ORIENTED_EDGE('',*,*,#2426,.F.);
#3393 = ADVANCED_FACE('',(#3394),#2557,.F.);
#3394 = FACE_BOUND('',#3395,.F.);
#3395 = EDGE_LOOP('',(#3396));
#3396 = ORIENTED_EDGE('',*,*,#2540,.F.);
#3397 = ADVANCED_FACE('',(#3398),#2671,.F.);
#3398 = FACE_BOUND('',#3399,.F.);
#3399 = EDGE_LOOP('',(#3400));
#3400 = ORIENTED_EDGE('',*,*,#2654,.F.);
#3401 = ADVANCED_FACE('',(#3402),#2785,.T.);
#3402 = FACE_BOUND('',#3403,.F.);
#3403 = EDGE_LOOP('',(#3404,#3405,#3406));
#3404 = ORIENTED_EDGE('',*,*,#2956,.F.);
#3405 = ORIENTED_EDGE('',*,*,#2771,.T.);
#3406 = ORIENTED_EDGE('',*,*,#2861,.F.);
#3407 = ADVANCED_FACE('',(#3408),#2816,.T.);
#3408 = FACE_BOUND('',#3409,.T.);
#3409 = EDGE_LOOP('',(#3410,#3411,#3412));
#3410 = ORIENTED_EDGE('',*,*,#3228,.F.);
#3411 = ORIENTED_EDGE('',*,*,#2802,.T.);
#3412 = ORIENTED_EDGE('',*,*,#2884,.F.);
#3413 = ADVANCED_FACE('',(#3414,#3420,#3534),#2849,.T.);
#3414 = FACE_BOUND('',#3415,.T.);
#3415 = EDGE_LOOP('',(#3416,#3417,#3418,#3419));
#3416 = ORIENTED_EDGE('',*,*,#2831,.F.);
#3417 = ORIENTED_EDGE('',*,*,#2999,.T.);
#3418 = ORIENTED_EDGE('',*,*,#3326,.T.);
#3419 = ORIENTED_EDGE('',*,*,#3273,.F.);
#3420 = FACE_BOUND('',#3421,.T.);
#3421 = EDGE_LOOP('',(#3422));
#3422 = ORIENTED_EDGE('',*,*,#3423,.F.);
#3423 = EDGE_CURVE('',#3424,#3424,#3426,.T.);
#3424 = VERTEX_POINT('',#3425);
#3425 = CARTESIAN_POINT('',(27.50251249937,12.984925003778,
    16.99748750063));
#3426 = SURFACE_CURVE('',#3427,(#3432,#3439),.PCURVE_S1.);
#3427 = CIRCLE('',#3428,4.012562496852);
#3428 = AXIS2_PLACEMENT_3D('',#3429,#3430,#3431);
#3429 = CARTESIAN_POINT('',(27.50251249937,12.984925003778,
    12.984925003778));
#3430 = DIRECTION('',(1.,0.,-0.));
#3431 = DIRECTION('',(0.,0.,1.));
#3432 = PCURVE('',#2849,#3433);
#3433 = DEFINITIONAL_REPRESENTATION('',(#3434),#3438);
#3434 = CIRCLE('',#3435,4.012562496852);
#3435 = AXIS2_PLACEMENT_2D('',#3436,#3437);
#3436 = CARTESIAN_POINT('',(40.487437503148,-40.48743750314));
#3437 = DIRECTION('',(1.,0.));
#3438 = ( GEOMETRIC_REPRESENTATION_CONTEXT(2) 
PARAMETRIC_REPRESENTATION_CONTEXT() REPRESENTATION_CONTEXT('2D SPACE',''
  ) );
#3439 = PCURVE('',#3440,#3445);
#3440 = SPHERICAL_SURFACE('',#3441,5.196609388381);
#3441 = AXIS2_PLACEMENT_3D('',#3442,#3443,#3444);
#3442 = CARTESIAN_POINT('',(30.804646861304,12.984925003778,
    12.984925003778));
#3443 = DIRECTION('',(0.,0.,1.));
#3444 = DIRECTION('',(1.,0.,-0.));
#3445 = DEFINITIONAL_REPRESENTATION('',(#3446),#3533);
#3446 = B_SPLINE_CURVE_WITH_KNOTS('',8,(#3447,#3448,#3449,#3450,#3451,
    #3452,#3453,#3454,#3455,#3456,#3457,#3458,#3459,#3460,#3461,#3462,
    #3463,#3464,#3465,#3466,#3467,#3468,#3469,#3470,#3471,#3472,#3473,
    #3474,#3475,#3476,#3477,#3478,#3479,#3480,#3481,#3482,#3483,#3484,
    #3485,#3486,#3487,#3488,#3489,#3490,#3491,#3492,#3493,#3494,#3495,
    #3496,#3497,#3498,#3499,#3500,#3501,#3502,#3503,#3504,#3505,#3506,
    #3507,#3508,#3509,#3510,#3511,#3512,#3513,#3514,#3515,#3516,#3517,
    #3518,#3519,#3520,#3521,#3522,#3523,#3524,#3525,#3526,#3527,#3528,
    #3529,#3530,#3531,#3532),.UNSPECIFIED.,.F.,.F.,(9,7,7,7,7,7,7,7,7,7,
    7,7,9),(0.,0.392699081699,0.760854470791,1.45114582534,2.05515076057
    ,2.583655078896,3.046096357431,3.45073247615,3.804789080029,
    4.424388136816,5.353786721998,5.818486014589,6.28318530718),
  .UNSPECIFIED.);
#3447 = CARTESIAN_POINT('',(3.14159265359,0.882217880648));
#3448 = CARTESIAN_POINT('',(3.201240802145,0.882217880648));
#3449 = CARTESIAN_POINT('',(3.260888909012,0.878871610788));
#3450 = CARTESIAN_POINT('',(3.319671538393,0.872179224225));
#3451 = CARTESIAN_POINT('',(3.376721619174,0.862233438393));
#3452 = CARTESIAN_POINT('',(3.431315797818,0.849223059575));
#3453 = CARTESIAN_POINT('',(3.483007644666,0.833391676128));
#3454 = CARTESIAN_POINT('',(3.531552514904,0.814998585715));
#3455 = CARTESIAN_POINT('',(3.619340524012,0.774896318436));
#3456 = CARTESIAN_POINT('',(3.65897553306,0.753466102577));
#3457 = CARTESIAN_POINT('',(3.695693487727,0.730222171773));
#3458 = CARTESIAN_POINT('',(3.729542948347,0.705372651142));
#3459 = CARTESIAN_POINT('',(3.760643684261,0.679110142956));
#3460 = CARTESIAN_POINT('',(3.78914864346,0.651605850559));
#3461 = CARTESIAN_POINT('',(3.815219237679,0.623009296142));
#3462 = CARTESIAN_POINT('',(3.883629015333,0.538036762786));
#3463 = CARTESIAN_POINT('',(3.92024304051,0.479247537413));
#3464 = CARTESIAN_POINT('',(3.949902698208,0.417959953873));
#3465 = CARTESIAN_POINT('',(3.97361651254,0.354823104448));
#3466 = CARTESIAN_POINT('',(3.99209052894,0.290319099543));
#3467 = CARTESIAN_POINT('',(4.005841663617,0.224843118521));
#3468 = CARTESIAN_POINT('',(4.015190701968,0.158731347981));
#3469 = CARTESIAN_POINT('',(4.024747292104,3.417042894281E-02));
#3470 = CARTESIAN_POINT('',(4.025951339754,-2.420357052207E-02));
#3471 = CARTESIAN_POINT('',(4.023999965236,-8.261224150871E-02));
#3472 = CARTESIAN_POINT('',(4.01888987396,-0.140857744837));
#3473 = CARTESIAN_POINT('',(4.010522981872,-0.198738375208));
#3474 = CARTESIAN_POINT('',(3.998699023865,-0.256033931358));
#3475 = CARTESIAN_POINT('',(3.983102175567,-0.31248737625));
#3476 = CARTESIAN_POINT('',(3.945957854138,-0.416155010518));
#3477 = CARTESIAN_POINT('',(3.925397853937,-0.463641935644));
#3478 = CARTESIAN_POINT('',(3.901317781084,-0.51002249321));
#3479 = CARTESIAN_POINT('',(3.873348468628,-0.555041441739));
#3480 = CARTESIAN_POINT('',(3.841053934835,-0.598395401638));
#3481 = CARTESIAN_POINT('',(3.803924929697,-0.639707542161));
#3482 = CARTESIAN_POINT('',(3.761439603469,-0.678509147844));
#3483 = CARTESIAN_POINT('',(3.671127476666,-0.745527552391));
#3484 = CARTESIAN_POINT('',(3.624632419894,-0.774461535283));
#3485 = CARTESIAN_POINT('',(3.573568897526,-0.800685808197));
#3486 = CARTESIAN_POINT('',(3.517841447585,-0.823794235179));
#3487 = CARTESIAN_POINT('',(3.457554611087,-0.843334363229));
#3488 = CARTESIAN_POINT('',(3.393236453706,-0.858866143003));
#3489 = CARTESIAN_POINT('',(3.325938776331,-0.87004669058));
#3490 = CARTESIAN_POINT('',(3.19657278076,-0.882521255977));
#3491 = CARTESIAN_POINT('',(3.134902418684,-0.88487614446));
#3492 = CARTESIAN_POINT('',(3.072793316982,-0.883645274006));
#3493 = CARTESIAN_POINT('',(3.011244194575,-0.878801614103));
#3494 = CARTESIAN_POINT('',(2.951282511638,-0.870438681374));
#3495 = CARTESIAN_POINT('',(2.89369067355,-0.858758339236));
#3496 = CARTESIAN_POINT('',(2.838989856216,-0.844012234133));
#3497 = CARTESIAN_POINT('',(2.742412396853,-0.811127034754));
#3498 = CARTESIAN_POINT('',(2.699787329735,-0.793642464681));
#3499 = CARTESIAN_POINT('',(2.659809329893,-0.774202463641));
#3500 = CARTESIAN_POINT('',(2.6225498386,-0.753001985019));
#3501 = CARTESIAN_POINT('',(2.587977062204,-0.730229910547));
#3502 = CARTESIAN_POINT('',(2.555996852886,-0.706060286499));
#3503 = CARTESIAN_POINT('',(2.526488306833,-0.680649905203));
#3504 = CARTESIAN_POINT('',(2.451764170683,-0.607744994778));
#3505 = CARTESIAN_POINT('',(2.411367102776,-0.557980645299));
#3506 = CARTESIAN_POINT('',(2.377401022267,-0.505597684039));
#3507 = CARTESIAN_POINT('',(2.349023646097,-0.451189955315));
#3508 = CARTESIAN_POINT('',(2.32556590524,-0.395204424837));
#3509 = CARTESIAN_POINT('',(2.30649754799,-0.338003628592));
#3510 = CARTESIAN_POINT('',(2.291427968826,-0.279886555951));
#3511 = CARTESIAN_POINT('',(2.263080162694,-0.1329597061));
#3512 = CARTESIAN_POINT('',(2.2544647655,-4.333275512471E-02));
#3513 = CARTESIAN_POINT('',(2.253340368089,4.68790433913E-02));
#3514 = CARTESIAN_POINT('',(2.259418134734,0.1369805022));
#3515 = CARTESIAN_POINT('',(2.272976296093,0.226284449873));
#3516 = CARTESIAN_POINT('',(2.294722179385,0.314024967989));
#3517 = CARTESIAN_POINT('',(2.326187639884,0.399193592734));
#3518 = CARTESIAN_POINT('',(2.391226872148,0.52075932601));
#3519 = CARTESIAN_POINT('',(2.415879937403,0.560250011188));
#3520 = CARTESIAN_POINT('',(2.443778034964,0.598515746018));
#3521 = CARTESIAN_POINT('',(2.475230053292,0.635327902789));
#3522 = CARTESIAN_POINT('',(2.510576055947,0.670417573056));
#3523 = CARTESIAN_POINT('',(2.550161099724,0.703461639009));
#3524 = CARTESIAN_POINT('',(2.594260389985,0.734079552598));
#3525 = CARTESIAN_POINT('',(2.691594190137,0.789640610002));
#3526 = CARTESIAN_POINT('',(2.74482855859,0.814583830862));
#3527 = CARTESIAN_POINT('',(2.802687359779,0.836278502202));
#3528 = CARTESIAN_POINT('',(2.864997017776,0.854285111143));
#3529 = CARTESIAN_POINT('',(2.931272500777,0.868160855438));
#3530 = CARTESIAN_POINT('',(3.00042398542,0.87753203367));
#3531 = CARTESIAN_POINT('',(3.071008194063,0.882217880648));
#3532 = CARTESIAN_POINT('',(3.14159265359,0.882217880648));
#3533 = ( GEOMETRIC_REPRESENTATION_CONTEXT(2) 
PARAMETRIC_REPRESENTATION_CONTEXT() REPRESENTATION_CONTEXT('2D SPACE',''
  ) );
#3534 = FACE_BOUND('',#3535,.T.);
#3535 = EDGE_LOOP('',(#3536));
#3536 = ORIENTED_EDGE('',*,*,#3537,.F.);
#3537 = EDGE_CURVE('',#3538,#3538,#3540,.T.);
#3538 = VERTEX_POINT('',#3539);
#3539 = CARTESIAN_POINT('',(27.50251249937,-12.98492500377,
    -8.972362506926));
#3540 = SURFACE_CURVE('',#3541,(#3546,#3553),.PCURVE_S1.);
#3541 = CIRCLE('',#3542,4.012562496852);
#3542 = AXIS2_PLACEMENT_3D('',#3543,#3544,#3545);
#3543 = CARTESIAN_POINT('',(27.50251249937,-12.98492500377,
    -12.98492500377));
#3544 = DIRECTION('',(1.,0.,-0.));
#3545 = DIRECTION('',(0.,0.,1.));
#3546 = PCURVE('',#2849,#3547);
#3547 = DEFINITIONAL_REPRESENTATION('',(#3548),#3552);
#3548 = CIRCLE('',#3549,4.012562496852);
#3549 = AXIS2_PLACEMENT_2D('',#3550,#3551);
#3550 = CARTESIAN_POINT('',(14.517587495592,-14.51758749559));
#3551 = DIRECTION('',(1.,0.));
#3552 = ( GEOMETRIC_REPRESENTATION_CONTEXT(2) 
PARAMETRIC_REPRESENTATION_CONTEXT() REPRESENTATION_CONTEXT('2D SPACE',''
  ) );
#3553 = PCURVE('',#3554,#3559);
#3554 = SPHERICAL_SURFACE('',#3555,5.196609388381);
#3555 = AXIS2_PLACEMENT_3D('',#3556,#3557,#3558);
#3556 = CARTESIAN_POINT('',(30.804646861304,-12.98492500377,
    -12.98492500377));
#3557 = DIRECTION('',(0.,0.,1.));
#3558 = DIRECTION('',(1.,0.,-0.));
#3559 = DEFINITIONAL_REPRESENTATION('',(#3560),#3647);
#3560 = B_SPLINE_CURVE_WITH_KNOTS('',8,(#3561,#3562,#3563,#3564,#3565,
    #3566,#3567,#3568,#3569,#3570,#3571,#3572,#3573,#3574,#3575,#3576,
    #3577,#3578,#3579,#3580,#3581,#3582,#3583,#3584,#3585,#3586,#3587,
    #3588,#3589,#3590,#3591,#3592,#3593,#3594,#3595,#3596,#3597,#3598,
    #3599,#3600,#3601,#3602,#3603,#3604,#3605,#3606,#3607,#3608,#3609,
    #3610,#3611,#3612,#3613,#3614,#3615,#3616,#3617,#3618,#3619,#3620,
    #3621,#3622,#3623,#3624,#3625,#3626,#3627,#3628,#3629,#3630,#3631,
    #3632,#3633,#3634,#3635,#3636,#3637,#3638,#3639,#3640,#3641,#3642,
    #3643,#3644,#3645,#3646),.UNSPECIFIED.,.F.,.F.,(9,7,7,7,7,7,7,7,7,7,
    7,7,9),(0.,0.392699081699,0.760854470791,1.45114582534,2.05515076057
    ,2.583655078896,3.046096357431,3.45073247615,3.804789080029,
    4.424388136816,5.353786721998,5.818486014589,6.28318530718),
  .UNSPECIFIED.);
#3561 = CARTESIAN_POINT('',(3.14159265359,0.882217880648));
#3562 = CARTESIAN_POINT('',(3.201240802145,0.882217880648));
#3563 = CARTESIAN_POINT('',(3.260888909012,0.878871610788));
#3564 = CARTESIAN_POINT('',(3.319671538393,0.872179224232));
#3565 = CARTESIAN_POINT('',(3.376721619174,0.862233438388));
#3566 = CARTESIAN_POINT('',(3.431315797818,0.849223059582));
#3567 = CARTESIAN_POINT('',(3.483007644666,0.833391676126));
#3568 = CARTESIAN_POINT('',(3.531552514904,0.814998585715));
#3569 = CARTESIAN_POINT('',(3.619340524012,0.774896318436));
#3570 = CARTESIAN_POINT('',(3.65897553306,0.753466102577));
#3571 = CARTESIAN_POINT('',(3.695693487727,0.730222171773));
#3572 = CARTESIAN_POINT('',(3.729542948347,0.705372651142));
#3573 = CARTESIAN_POINT('',(3.760643684261,0.679110142956));
#3574 = CARTESIAN_POINT('',(3.78914864346,0.651605850559));
#3575 = CARTESIAN_POINT('',(3.815219237679,0.623009296142));
#3576 = CARTESIAN_POINT('',(3.883629015333,0.538036762786));
#3577 = CARTESIAN_POINT('',(3.92024304051,0.479247537413));
#3578 = CARTESIAN_POINT('',(3.949902698208,0.417959953871));
#3579 = CARTESIAN_POINT('',(3.97361651254,0.354823104449));
#3580 = CARTESIAN_POINT('',(3.99209052894,0.290319099543));
#3581 = CARTESIAN_POINT('',(4.005841663617,0.224843118521));
#3582 = CARTESIAN_POINT('',(4.015190701968,0.158731347981));
#3583 = CARTESIAN_POINT('',(4.024747292104,3.417042894281E-02));
#3584 = CARTESIAN_POINT('',(4.025951339754,-2.420357052208E-02));
#3585 = CARTESIAN_POINT('',(4.023999965237,-8.26122415087E-02));
#3586 = CARTESIAN_POINT('',(4.018889873961,-0.140857744837));
#3587 = CARTESIAN_POINT('',(4.010522981872,-0.198738375208));
#3588 = CARTESIAN_POINT('',(3.998699023864,-0.256033931358));
#3589 = CARTESIAN_POINT('',(3.983102175567,-0.31248737625));
#3590 = CARTESIAN_POINT('',(3.945957854138,-0.416155010518));
#3591 = CARTESIAN_POINT('',(3.925397853937,-0.463641935644));
#3592 = CARTESIAN_POINT('',(3.901317781084,-0.51002249321));
#3593 = CARTESIAN_POINT('',(3.873348468628,-0.555041441739));
#3594 = CARTESIAN_POINT('',(3.841053934835,-0.598395401638));
#3595 = CARTESIAN_POINT('',(3.803924929697,-0.639707542161));
#3596 = CARTESIAN_POINT('',(3.761439603469,-0.678509147844));
#3597 = CARTESIAN_POINT('',(3.671127476666,-0.745527552391));
#3598 = CARTESIAN_POINT('',(3.624632419894,-0.774461535283));
#3599 = CARTESIAN_POINT('',(3.573568897526,-0.800685808197));
#3600 = CARTESIAN_POINT('',(3.517841447585,-0.823794235179));
#3601 = CARTESIAN_POINT('',(3.457554611087,-0.843334363229));
#3602 = CARTESIAN_POINT('',(3.393236453706,-0.858866143003));
#3603 = CARTESIAN_POINT('',(3.325938776331,-0.87004669058));
#3604 = CARTESIAN_POINT('',(3.19657278076,-0.882521255977));
#3605 = CARTESIAN_POINT('',(3.134902418684,-0.884876144459));
#3606 = CARTESIAN_POINT('',(3.072793316982,-0.88364527401));
#3607 = CARTESIAN_POINT('',(3.011244194575,-0.8788016141));
#3608 = CARTESIAN_POINT('',(2.951282511638,-0.870438681377));
#3609 = CARTESIAN_POINT('',(2.89369067355,-0.858758339235));
#3610 = CARTESIAN_POINT('',(2.838989856216,-0.844012234133));
#3611 = CARTESIAN_POINT('',(2.742412396853,-0.811127034754));
#3612 = CARTESIAN_POINT('',(2.699787329735,-0.793642464681));
#3613 = CARTESIAN_POINT('',(2.659809329893,-0.774202463641));
#3614 = CARTESIAN_POINT('',(2.6225498386,-0.753001985019));
#3615 = CARTESIAN_POINT('',(2.587977062204,-0.730229910547));
#3616 = CARTESIAN_POINT('',(2.555996852886,-0.706060286499));
#3617 = CARTESIAN_POINT('',(2.526488306833,-0.680649905203));
#3618 = CARTESIAN_POINT('',(2.451764170683,-0.607744994778));
#3619 = CARTESIAN_POINT('',(2.411367102776,-0.5579806453));
#3620 = CARTESIAN_POINT('',(2.377401022267,-0.505597684038));
#3621 = CARTESIAN_POINT('',(2.349023646097,-0.451189955318));
#3622 = CARTESIAN_POINT('',(2.32556590524,-0.395204424836));
#3623 = CARTESIAN_POINT('',(2.30649754799,-0.338003628592));
#3624 = CARTESIAN_POINT('',(2.291427968826,-0.279886555951));
#3625 = CARTESIAN_POINT('',(2.263080162694,-0.1329597061));
#3626 = CARTESIAN_POINT('',(2.254464765499,-4.333275512471E-02));
#3627 = CARTESIAN_POINT('',(2.253340368091,4.68790433913E-02));
#3628 = CARTESIAN_POINT('',(2.259418134732,0.136980502201));
#3629 = CARTESIAN_POINT('',(2.272976296094,0.226284449873));
#3630 = CARTESIAN_POINT('',(2.294722179385,0.314024967989));
#3631 = CARTESIAN_POINT('',(2.326187639884,0.399193592734));
#3632 = CARTESIAN_POINT('',(2.391226872148,0.52075932601));
#3633 = CARTESIAN_POINT('',(2.415879937403,0.560250011188));
#3634 = CARTESIAN_POINT('',(2.443778034963,0.598515746018));
#3635 = CARTESIAN_POINT('',(2.475230053292,0.635327902789));
#3636 = CARTESIAN_POINT('',(2.510576055948,0.670417573056));
#3637 = CARTESIAN_POINT('',(2.550161099723,0.703461639009));
#3638 = CARTESIAN_POINT('',(2.594260389985,0.734079552598));
#3639 = CARTESIAN_POINT('',(2.691594190137,0.789640610002));
#3640 = CARTESIAN_POINT('',(2.74482855859,0.814583830862));
#3641 = CARTESIAN_POINT('',(2.802687359779,0.836278502203));
#3642 = CARTESIAN_POINT('',(2.864997017776,0.854285111142));
#3643 = CARTESIAN_POINT('',(2.931272500777,0.868160855438));
#3644 = CARTESIAN_POINT('',(3.00042398542,0.877532033669));
#3645 = CARTESIAN_POINT('',(3.071008194063,0.882217880648));
#3646 = CARTESIAN_POINT('',(3.14159265359,0.882217880648));
#3647 = ( GEOMETRIC_REPRESENTATION_CONTEXT(2) 
PARAMETRIC_REPRESENTATION_CONTEXT() REPRESENTATION_CONTEXT('2D SPACE',''
  ) );
#3648 = ADVANCED_FACE('',(#3649),#2941,.T.);
#3649 = FACE_BOUND('',#3650,.T.);
#3650 = EDGE_LOOP('',(#3651,#3652,#3653));
#3651 = ORIENTED_EDGE('',*,*,#2977,.F.);
#3652 = ORIENTED_EDGE('',*,*,#2927,.T.);
#3653 = ORIENTED_EDGE('',*,*,#3347,.F.);
#3654 = ADVANCED_FACE('',(#3655),#3213,.T.);
#3655 = FACE_BOUND('',#3656,.T.);
#3656 = EDGE_LOOP('',(#3657,#3658,#3659));
#3657 = ORIENTED_EDGE('',*,*,#3370,.F.);
#3658 = ORIENTED_EDGE('',*,*,#3199,.T.);
#3659 = ORIENTED_EDGE('',*,*,#3249,.F.);
#3660 = ADVANCED_FACE('',(#3661),#3440,.F.);
#3661 = FACE_BOUND('',#3662,.F.);
#3662 = EDGE_LOOP('',(#3663));
#3663 = ORIENTED_EDGE('',*,*,#3423,.F.);
#3664 = ADVANCED_FACE('',(#3665),#3554,.F.);
#3665 = FACE_BOUND('',#3666,.F.);
#3666 = EDGE_LOOP('',(#3667));
#3667 = ORIENTED_EDGE('',*,*,#3537,.F.);
#3668 = ( GEOMETRIC_REPRESENTATION_CONTEXT(3) 
GLOBAL_UNCERTAINTY_ASSIGNED_CONTEXT((#3672)) 
GLOBAL_UNIT_ASSIGNED_CONTEXT((#3669,#3670,#3671)) REPRESENTATION_CONTEXT
('Context #1','3D Context with UNIT and UNCERTAINTY') );
#3669 = ( LENGTH_UNIT() NAMED_UNIT(*) SI_UNIT(.MILLI.,.METRE.) );
#3670 = ( NAMED_UNIT(*) PLANE_ANGLE_UNIT() SI_UNIT($,.RADIAN.) );
#3671 = ( NAMED_UNIT(*) SI_UNIT($,.STERADIAN.) SOLID_ANGLE_UNIT() );
#3672 = UNCERTAINTY_MEASURE_WITH_UNIT(LENGTH_MEASURE(1.E-07),#3669,
  'distance_accuracy_value','confusion accuracy');
#3673 = PRODUCT_RELATED_PRODUCT_CATEGORY('part',$,(#7));
ENDSEC;
END-ISO-10303-21;
